Rk,Player,Pos,Tm,Salary
1,Dak Prescott\PresDa01,QB,DAL,31409000.00
2,Jimmy Garoppolo\GaroJi00,QB,SFO,23800000.00
3,Trent Brown\BrowTr02,OT,LVR,21250000.00
4,Derek Carr\CarrDe02,QB,LVR,18900000.00
5,Russell Wilson\WilsRu00,QB,SEA,18000000.00
6,A.J. Green\GreeA.00,WR,CIN,17971000.00
7,Ryan Tannehill\TannRy00,QB,TEN,17500000.00
8,Aaron Donald\DonaAa00,DT,LAR,17000000.00
9,Matt Judon\JudoMa00,DE,BAL,16808000.00
10,Leonard Williams\WillLe02,DT,NYG,16126000.00
,Chris Jones\JoneCh09,DT,KAN,16126000.00
12,Taylor Lewan\LewaTa00,OT,TEN,16000000.00
,Chandler Jones\JoneCh03,DE,ARI,16000000.00
,Alex Smith\SmitAl03,QB,WAS,16000000.00
15,Shaquil Barrett\BarrSh00,OLB,TAM,15828000.00
,Bud Dupree\DuprAl00,DE,PIT,15828000.00
17,J.J. Watt\WattJ.00,DE,HOU,15500000.00
18,Brandon Scherff\ScheBr00,G,WAS,15030000.00
19,Tom Brady\BradTo00,QB,TAM,15000000.00
20,Joe Thuney\ThunJo00,OG,NWE,14781000.00
21,T.Y. Hilton\HiltT.00,WR,IND,14542000.00
22,Donovan Smith\SmitDo02,OT,TAM,14500000.00
23,Stefon Diggs\DiggSt00,WR,BUF,14200000.00
24,Odell Beckham Jr.\BeckOd00,WR,CLE,14000000.00
,Melvin Ingram\IngrMe00,DE,LAC,14000000.00
26,Khalil Mack\MackKh00,OLB,CHI,13300000.00
27,Jarvis Landry\LandJa00,WR,CLE,13000000.00
,Philip Rivers\RivePh00,QB,IND,13000000.00
,A.J. Bouye\BouyA.00,CB,DEN,13000000.00
,Stephon Gilmore\GilmSt00,CB,NWE,13000000.00
,Russell Okung\OkunRu20,T,CAR,13000000.00
32,Myles Jack\JackMy00,OLB,JAX,12750000.00
33,Kawann Short\ShorKa00,DT,CAR,12500000.00
,Trent Williams\WillTr21,T,SFO,12500000.00
35,DeForest Buckner\BuckDe00,DT,IND,12378000.00
36,Patrick Peterson\PetePa00,CB,ARI,12050000.00
37,Frank Clark\ClarFr01,DE,KAN,12000000.00
,Davante Adams\AdamDa01,WR,GNB,12000000.00
39,Xavien Howard\HowaXa00,CB,MIA,11900000.00
,Sheldon Richardson\RichSh00,DT,CLE,11900000.00
41,Ryan Kerrigan\KerrRy00,DE,WAS,11500000.00
42,Justin Simmons\SimmJu00,FS,DEN,11441000.00
,Anthony Harris\HarrAn01,DB,MIN,11441000.00
44,Jurrell Casey\CaseJu00,DL,DEN,11250000.00
45,Julio Jones\JoneJu02,WR,ATL,11200000.00
46,Tyrann Mathieu\MathTy00,CB,KAN,11150000.00
47,Trey Flowers\FlowTr00,DE,DET,11125000.00
48,Geno Atkins\AtkiGe99,DT,CIN,11100000.00
49,Larry Fitzgerald\FitzLa00,WR,ARI,11000000.00
,Kareem Jackson\JackKa99,DB,DEN,11000000.00
,Byron Jones\JoneBy00,CB,MIA,11000000.00
,Malcolm Butler\ButlMa01,CB,TEN,11000000.00
53,Allen Robinson\RobiAl02,WR,CHI,10900000.00
54,Laremy Tunsil\TunsLa00,OT,HOU,10850000.00
55,Bobby Wagner\WagnBo00,ILB,SEA,10750000.00
,Lavonte David\DaviLa00,OLB,TAM,10750000.00
57,Hunter Henry\HenrHu00,TE,LAC,10607000.00
58,David Bakhtiari\BakhDa00,OT,GNB,10500000.00
,Whitney Mercilus\MercWh00,DE,HOU,10500000.00
60,Akiem Hicks\HickAk00,DE,CHI,10200000.00
,David Johnson\JohnDa08,RB,HOU,10200000.00
62,Will Fuller\FullWi01,WR,HOU,10162000.00
63,Kevin Zeitler\ZeitKe00,G,NYG,10000000.00
,Ryan Jensen\JensRy00,T,TAM,10000000.00
,Marcus Peters\PeteMa00,CB,BAL,10000000.00
,Anthony Barr\BarrAn00,OLB,MIN,10000000.00
,Amari Cooper\CoopAm00,WR,DAL,10000000.00
,Landon Collins\CollLa00,SS,WAS,10000000.00
69,William Jackson III\JackWi02,CB,CIN,9954000.00
70,Alshon Jeffery\JeffAl00,WR,PHI,9910000.00
71,Casey Hayward\HaywCa00,DB,LAC,9750000.00
72,Rodger Saffold\SaffRo20,T,TEN,9500000.00
,Kirk Cousins\CousKi00,QB,MIN,9500000.00
74,Gabe Jackson\JackGa00,OG,LVR,9350000.00
75,Rob Gronkowski\GronRo00,TE,TAM,9000000.00
,Andrew Norwell\NorwAn01,G,JAX,9000000.00
,Stephon Tuitt\TuitSt00,DT,PIT,9000000.00
78,Eric Fisher\FishEr00,OT,KAN,8750000.00
,Duane Brown\BrowDu20,T,SEA,8750000.00
80,Trai Turner\TurnTr01,OG,LAC,8500000.00
,Jamison Crowder\CrowJa00,WR,NYJ,8500000.00
,Tyler Lockett\LockTy00,WR,SEA,8500000.00
,Travis Kelce\KelcTr00,TE,KAN,8500000.00
,Joel Bitonio\BitoJo00,OT,CLE,8500000.00
85,Kenyan Drake\DrakKe00,RB,ARI,8483000.00
86,Ronnie Stanley\StanRo00,OT,BAL,8366000.00
87,Harrison Smith\SmitHa00,FS,MIN,8350000.00
88,Tre'Davious White\WhitTr01,CB,BUF,8250000.00
89,Tyrone Crawford\CrawTy00,DE,DAL,8000000.00
,Justin Houston\HousJu00,LB,IND,8000000.00
,Brandin Cooks\CookBr00,WR,HOU,8000000.00
,Richard Sherman\SherRi00,DB,SFO,8000000.00
,Yannick Ngakoue\NgakYa00,OLB,2TM,8000000.00
,Teddy Bridgewater\BridTe00,QB,CAR,8000000.00
,Alex Mack\MackAl20,C,ATL,8000000.00
,Ryan Fitzpatrick\FitzRy00,QB,MIA,8000000.00
97,Golden Tate\TateGo00,WR,NYG,7975000.00
98,Charles Leno Jr.\LenoCh00,OG,CHI,7900000.00
99,Carlos Dunlap\DunlCa99,DE,2TM,7800000.00
,Anthony Hitchens\HitcAn00,OLB,KAN,7800000.00
101,Corey Linsley\LinsCo00,C,GNB,7650000.00
102,Carl Nassib\NassCa00,DE,LVR,7500000.00
,Marcus Mariota\MariMa01,QB,LVR,7500000.00
104,Darren Waller\WallDa01,WR,LVR,7280000.00
105,Nick Martin\MartNi00,C,HOU,7250000.00
,Justin Pugh\PughJu00,OG,ARI,7250000.00
107,Matthew Stafford\StafMa00,QB,DET,7200000.00
108,John Brown\BrowJo02,WR,BUF,7050000.00
109,Kyle Rudolph\RudoKy00,TE,MIN,7025000.00
110,Adam Humphries\HumpAd00,WR,TEN,7000000.00
,Henry Anderson\AndeHe00,DE,NYJ,7000000.00
,Nick Kwiatkoski\KwiaNi00,ILB,LVR,7000000.00
,Sammy Watkins\WatkSa00,WR,KAN,7000000.00
,DaQuan Jones\JoneDa04,DT,TEN,7000000.00
,Brandon Linder\LindBr00,OG,JAX,7000000.00
,Anthony Castonzo\CastAn00,LT,IND,7000000.00
,Jared Cook\CookJa02,TE,NOR,7000000.00
118,Kenny Stills\StilKe00,WR,HOU,6975000.00
119,Justin Coleman\ColeJu01,CB,DET,6950000.00
120,Bobby Massie\MassBo00,T,CHI,6900000.00
121,Taylor Decker\DeckTa00,OT,DET,6850000.00
122,Ezekiel Elliott\ElliEz00,RB,DAL,6800000.00
123,Mitch Morse\MorsMi00,OT,BUF,6775000.00
124,Olivier Vernon\VernOl00,DE,CLE,6750000.00
125,Zach Ertz\ErtzZa00,TE,PHI,6660000.00
126,Jerry Hughes\HughJe99,DE,BUF,6650000.00
127,Marvin Jones\JoneMa02,WR,DET,6500000.00
,Morgan Moses\MoseMo00,OT,WAS,6500000.00
,Jason Pierre-Paul\PierJa99,DE,TAM,6500000.00
130,Sterling Shepard\ShepSt00,WR,NYG,6475000.00
131,Keanu Neal\NealKe01,FS,ATL,6466000.00
132,Trent Murphy\MurpTr00,DE,BUF,6425000.00
133,Shaq Lawson\LawsSh00,DE,MIA,6400000.00
134,DeSean Jackson\JackDe00,WR,PHI,6200000.00
135,Benardrick McKinney\McKiBe00,ILB,HOU,6000000.00
,Jacoby Brissett\BrisJa00,QB,IND,6000000.00
,D.J. Hayden\HaydDJ00,CB,JAX,6000000.00
,Jordan Hicks\HickJo00,OLB,ARI,6000000.00
139,Riley Reiff\ReifRi00,OT,MIN,5900000.00
140,Deion Jones\JoneDe01,OLB,ATL,5850000.00
141,Maliek Collins\CollMa00,DT,LVR,5750000.00
,Kenny Moore\MoorKe03,CB,IND,5750000.00
143,Keenan Allen\AlleKe00,WR,LAC,5500000.00
,Bobby McCain\McCaBo01,CB,MIA,5500000.00
,Matt Paradis\ParaMa00,C,CAR,5500000.00
146,Ryan Kelly\KellRy00,C,IND,5350000.00
147,Mitchell Schwartz\SchwMi00,T,KAN,5320000.00
148,Denico Autry\AutrDe00,DE,IND,5300000.00
149,Jadeveon Clowney\ClowJa00,DE,TEN,5250000.00
,Ricardo Allen\AlleRi00,CB,ATL,5250000.00
,Mario Addison\AddiMa00,DE,BUF,5250000.00
,Ben Jones\JoneBe01,C,TEN,5250000.00
153,Jaylon Smith\SmitJa05,OLB,DAL,5171000.00
154,Ali Marpet\MarpAl00,C,TAM,5125000.00
155,Kyle Juszczyk\JuszKy00,FB,SFO,5050000.00
156,Grady Jarrett\JarrGr00,DT,ATL,5001000.00
157,Leonard Floyd\FloyLe00,OLB,LAR,5000000.00
,Calais Campbell\CampCa99,DE,BAL,5000000.00
,Tyrod Taylor\TaylTy00,QB,LAC,5000000.00
,Connor McGovern\McGoCo00,OG,NYJ,5000000.00
,Mark Glowinski\GlowMa00,OG,IND,5000000.00
,Shaq Mason\MasoSh01,G,NWE,5000000.00
,Alejandro Villanueva\VillAl00,T,PIT,5000000.00
,Quandre Diggs\DiggQu00,CB,SEA,5000000.00
,Andrew Whitworth\WhitAn20,T,LAR,5000000.00
,Jack Conklin\ConkJa00,OT,CLE,5000000.00
,Robert Woods\WoodRo02,WR,LAR,5000000.00
,K.J. Wright\WrigK.00,LB,SEA,5000000.00
,Richie Incognito\IncoRi20,G,LVR,5000000.00
170,Adam Thielen\ThieAd00,WR,MIN,4800000.00
171,William Gholston\GholWi00,DE,TAM,4750000.00
,Jamon Brown\BrowJa04,OT,PHI,4750000.00
173,A.J. Cann\CannA.00,OG,JAX,4675000.00
174,Buster Skrine\SkriBu00,DB,CHI,4650000.00
175,Lamarcus Joyner\JoynLa00,CB,LVR,4600000.00
,George Fant\FantGe00,T,NYJ,4600000.00
177,Tevin Coleman\ColeTe01,RB,SFO,4550000.00
178,Kyle Fuller\FullKy00,CB,CHI,4500000.00
,Nick Easton\EastNi00,C,NOR,4500000.00
,Desmond Trufant\TrufDe00,CB,DET,4500000.00
,Bradley Roby\RobyBr00,CB,HOU,4500000.00
,Nick Boyle\BoylNi00,TE,BAL,4500000.00
183,Cole Beasley\BeasCo00,WR,BUF,4400000.00
184,Preston Smith\SmitPr00,DE,GNB,4350000.00
,Robbie Gould\gouldrob01,K,SFO,4350000.00
186,Jaquiski Tartt\TartJa00,SS,SFO,4300000.00
187,Cameron Brate\BratCa00,TE,TAM,4250000.00
,Kenny Vaccaro\VaccKe00,FS,TEN,4250000.00
,Brandon Williams\WillBr02,DT,BAL,4250000.00
190,Tyler Boyd\BoydTy00,WR,CIN,4200000.00
,Matthew Ioannidis\IoanMa01,DT,WAS,4200000.00
192,Cordarrelle Patterson\PattCo00,WR,CHI,4150000.00
193,Malcom Brown\BrowMa01,DT,NOR,4100000.00
,Jarran Reed\ReedJa02,DT,SEA,4100000.00
195,Fletcher Cox\CoxxFl00,DT,PHI,4035000.00
196,Kareem Hunt\HuntKa00,RB,CLE,4009000.00
197,Jamie Collins\CollJa00,OLB,DET,4000000.00
,Ka'imi Fairbairn\FairKa01,K,HOU,4000000.00
,Blake Martinez\MartBl01,ILB,NYG,4000000.00
,Micah Hyde\HydeMi00,CB,BUF,4000000.00
,Halapoulivaati Vaitai\VaitHa00,OT,DET,4000000.00
,Shaq Thompson\ThomSh01,OLB,CAR,4000000.00
,Mark Ingram\IngrMa01,RB,BAL,4000000.00
,Vince Williams\WillVi01,ILB,PIT,4000000.00
,Nick Foles\FoleNi00,QB,CHI,4000000.00
,J.C. Tretter\TretJC00,OG,CLE,4000000.00
,Mike Evans\EvanMi00,WR,TAM,4000000.00
,Robby Anderson\AndeRo04,WR,CAR,4000000.00
209,Shawn Williams\WillSh02,SS,CIN,3935000.00
210,James Bradberry\BradJa00,CB,NYG,3900000.00
211,Jesse Davis\DaviJe00,T,MIA,3855000.00
212,Jesse James\JameJe00,TE,DET,3800000.00
213,Jakeem Grant\GranJa00,WR,MIA,3780000.00
214,Randall Cobb\CobbRa00,WR,HOU,3750000.00
,Emmanuel Ogbah\OgbaEm00,DE,MIA,3750000.00
,James Carpenter\CarpJa00,LG,ATL,3750000.00
,Quinton Jefferson\JeffQu00,DT,BUF,3750000.00
,Johnathan Hankins\HankJo00,DT,LVR,3750000.00
219,Willie Snead\SneaWi00,WR,BAL,3662059.00
220,Bradley McDougald\McDoBr01,FS,NYJ,3600000.00
,Daniel Sorensen\SoreDa01,S,KAN,3600000.00
,Shamar Stephen\StepSh00,DT,MIN,3600000.00
,Duke Johnson\JohnDu00,RB,HOU,3600000.00
224,Jake Matthews\MattJa00,OT,ATL,3550000.00
225,Justin Tucker\TuckJu00,K,BAL,3500000.00
,Vic Beasley\BeasVi00,OLB,2TM,3500000.00
,Todd Gurley\GurlTo01,RB,ATL,3500000.00
,J.R. Sweezy\SweeJ.00,G,ARI,3500000.00
,Johnny Hekker\HekkJo00,P,LAR,3500000.00
,Jason Witten\WittJa00,TE,LVR,3500000.00
,Duron Harmon\HarmDu00,FS,DET,3500000.00
232,Abry Jones\JoneAb00,DT,JAX,3400000.00
,Tyler Kroft\KrofTy00,TE,BUF,3400000.00
234,Jalen Richard\RichJa01,RB,LVR,3375000.00
235,Julian Edelman\EdelJu00,WR,NWE,3300000.00
236,Adam Butler\ButlAd00,DT,NWE,3259000.00
,Elijah Wilkinson\WilkEl00,OT,DEN,3259000.00
,Nicholas Morrow\MorrNi00,LB,LVR,3259000.00
,Jacob Hollister\HollJa03,TE,SEA,3259000.00
,Michael Davis\DaviMi03,,LAC,3259000.00
,Matt Feiler\FeilMa00,T,PIT,3259000.00
,Zane Gonzalez\GonzZa00,K,ARI,3259000.00
,Roy Robertson-Harris\RobeRo00,DE,CHI,3259000.00
,Keelan Cole\ColeKe00,WR,JAX,3259000.00
,Mike Hilton\HiltMi01,CB,PIT,3259000.00
,Kendrick Bourne\BourKe00,WR,SFO,3259000.00
,Eric Wilson\WilsEr00,ILB,MIN,3259000.00
,Mike Purcell\PurcMi00,DT,DEN,3259000.00
,Matt Breida\BreiMa00,RB,MIA,3259000.00
250,Quinton Dunbar\DunbQu00,CB,SEA,3250000.00
251,Damien Wilson\WilsDa02,ILB,KAN,3200000.00
,Jonathan Jones\JoneJo03,DB,NWE,3200000.00
253,Wil Lutz\LutzWi00,K,NOR,3100000.00
,Lawrence Guy\GuyxLa00,DT,NWE,3100000.00
,Seth Roberts\RobeSe00,WR,CAR,3100000.00
,Ty Nsekhe\NsekTy00,T,BUF,3100000.00
,Giovani Bernard\BernGi00,RB,CIN,3100000.00
258,C.J. Uzomah\UzomC.00,TE,CIN,3050000.00
259,Jimmy Graham\GrahJi00,TE,CHI,3000000.00
,Everson Griffen\GrifEv99,DE,2TM,3000000.00
,Vonn Bell\BellVo00,SS,CIN,3000000.00
,Ndamukong Suh\SuhxNd99,DT,TAM,3000000.00
,Robert Quinn\QuinRo00,DE,CHI,3000000.00
,James White\WhitJa02,RB,NWE,3000000.00
,Breshad Perriman\PerrBr02,WR,NYJ,3000000.00
,Derrick Henry\HenrDe00,RB,TEN,3000000.00
,David Andrews\AndrDa00,C,NWE,3000000.00
,Danny Trevathan\TrevDa00,OLB,CHI,3000000.00
,Corey Peters\PeteCo00,DT,ARI,3000000.00
,Josh Lambo\LambJo00,K,JAX,3000000.00
,Kyle Van Noy\VanNKy00,OLB,MIA,3000000.00
,Ted Karras\KarrTe00,OG,MIA,3000000.00
,Brandon McManus\McMaBr01,K,DEN,3000000.00
274,Tavon Young\YounTa01,CB,BAL,2986000.00
275,Mike Davis\DaviMi01,RB,CAR,2950000.00
,Austin Blythe\BlytAu00,C,LAR,2950000.00
,Thomas Morstead\MorsTh00,P,NOR,2950000.00
278,Nick Williams\WillNi01,DT,DET,2900000.00
279,Raheem Mostert\MostRa00,RB,SFO,2875000.00
280,Jeff Heath\HeatJe00,S,LVR,2850000.00
,Maxx Williams\WillMa04,TE,ARI,2850000.00
,Bobby Hart\HartBo00,OG,CIN,2850000.00
,Troy Hill\HillTr01,CB,LAR,2850000.00
284,Latavius Murray\MurrLa00,RB,NOR,2800000.00
,Josh Norman\NormJo01,CB,BUF,2800000.00
,Vernon Butler\ButlVe00,DT,BUF,2800000.00
287,John Ross\RossJo00,WR,CIN,2798981.00
288,Tyson Alualu\AluaTy99,DT,PIT,2750000.00
,Romeo Okwara\OkwaRo01,DE,DET,2750000.00
,Eric Murray\MurrEr00,CB,HOU,2750000.00
,Avery Williamson\WillAv00,ILB,2TM,2750000.00
,Darren Fells\FellDa01,TE,HOU,2750000.00
293,Virgil Green\GreeVi00,TE,LAC,2700000.00
,Bradley Pinion\PiniBr00,P,TAM,2700000.00
,Matt Prater\PratMa20,K,DET,2700000.00
296,Markus Golden\GoldMa00,OLB,2TM,2651319.00
297,Jon Feliciano\FeliJo00,OG,BUF,2650000.00
,Lee Smith\SmitLe00,TE,BUF,2650000.00
,Jason McCourty\McCoJa99,DB,NWE,2650000.00
300,Kyler Fackrell\FackKy00,OLB,NYG,2600000.00
,Jason Myers\MyerJa00,K,SEA,2600000.00
302,Marshon Lattimore\LattMa01,CB,NOR,2559486.00
303,Trey Hopkins\HopkTr01,G,CIN,2550000.00
304,Brandon Dunn\DunnBr00,DT,HOU,2500000.00
,Kevin Huber\HubeKe20,P,CIN,2500000.00
,Bruce Irvin\IrviBr00,DE,SEA,2500000.00
,Arik Armstead\ArmsAr01,DE,SFO,2500000.00
,Jimmy Smith\SmitJi03,CB,BAL,2500000.00
,Zach Fulton\FultZa00,OG,HOU,2500000.00
,Joe Schobert\SchoJo00,OLB,JAX,2500000.00
,Terrance Mitchell\MitcTe00,CB,CLE,2500000.00
,Graham Glasgow\GlasGr00,OG,DEN,2500000.00
313,Jarrod Wilson\WilsJa00,S,JAX,2450000.00
314,Dustin Hopkins\HopkDu00,K,WAS,2400000.00
315,Erik Harris\HarrEr00,DB,LVR,2350000.00
316,Harrison Butker\ButkHa00,K,KAN,2345000.00
317,Haason Reddick\ReddHa00,OLB,ARI,2302904.00
318,Joe Looney\LoonJo01,G,DAL,2300000.00
319,Austin Reiter\ReitAu00,C,KAN,2275000.00
,Chris Conley\ConlCh00,WR,JAX,2275000.00
321,Blake Jarwin\JarwBl00,TE,DAL,2250000.00
,Devin McCourty\McCoDe99,DB,NWE,2250000.00
,Ricky Wagner\WagnRi00,OT,GNB,2250000.00
,Quinton Spain\SpaiQu00,OG,2TM,2250000.00
,Stephen Weatherly\WeatSt00,OLB,CAR,2250000.00
,Kendall Lamm\LammKe00,T,CLE,2250000.00
,Derek Wolfe\WolfDe00,DT,BAL,2250000.00
,Cameron Jordan\JordCa00,DE,NOR,2250000.00
,Mackensie Alexander\AlexMa01,CB,CIN,2250000.00
330,Derek Barnett\BarnDe01,DE,PHI,2217378.00
331,Billy Turner\TurnBi00,OT,GNB,2200000.00
,A.J. Klein\KleiAJ00,ILB,BUF,2200000.00
333,Malik Hooker\HookMa00,FS,IND,2183169.00
334,Eric Rowe\RoweEr00,CB,MIA,2175000.00
,Stephen Hauschka\HausSt00,K,JAX,2175000.00
336,Demarcus Robinson\RobiDe01,WR,KAN,2160000.00
337,Chris Hubbard\HubbCh00,G,CLE,2150000.00
,K'Waun Williams\WillKW00,DB,SFO,2150000.00
339,Ahkello Witherspoon\WithAh00,CB,SFO,2133000.00
,Brian Hill\HillBr02,RB,ATL,2133000.00
,Carl Lawson\LawsCa00,DE,CIN,2133000.00
,Anthony Walker\WalkAn01,LB,IND,2133000.00
,Chris Godwin\GodwCh00,WR,TAM,2133000.00
,Dede Westbrook\WestDe00,WR,JAX,2133000.00
,Aaron Jones\JoneAa00,RB,GNB,2133000.00
,Matt Haack\HaacMa00,P,MIA,2133000.00
,Chase Roullier\RoulCh00,C,WAS,2133000.00
,Jonnu Smith\SmitJo01,TE,TEN,2133000.00
,Davon Godchaux\GodcDa00,DT,MIA,2133000.00
,Marlon Mack\MackMa00,RB,IND,2133000.00
,Grover Stewart\StewGr00,DT,IND,2133000.00
,Jermaine Eluemunor\ElueJe00,OG,NWE,2133000.00
,Brandon Wilson\WilsBr01,CB,CIN,2133000.00
,Jourdan Lewis\LewiJo01,CB,DAL,2133000.00
,Deatrich Wise Jr.\WiseDe00,DE,NWE,2133000.00
,Jayon Brown\BrowJa06,ILB,TEN,2133000.00
,Chris Wormley\WormCh00,DT,PIT,2133000.00
,Pat Elflein\ElflPa00,C,2TM,2133000.00
,Dan Feeney\FeenDa00,OG,LAC,2133000.00
,Julie'n Davenport\DaveJu00,OT,MIA,2133000.00
,Shaquill Griffin\GrifSh00,DB,SEA,2133000.00
,Jamaal Williams\WillJa06,RB,GNB,2133000.00
,Sam Tevi\TeviSa00,OT,LAC,2133000.00
,Kenny Golladay\GollKe00,WR,DET,2133000.00
,Rayshawn Jenkins\JenkRa00,FS,LAC,2133000.00
,Josh Reynolds\ReynJo00,WR,LAR,2133000.00
,Jeremy Sprinkle\SpriJe00,TE,WAS,2133000.00
,Matt Milano\MilaMa00,OLB,BUF,2133000.00
,Nate Hairston\HairNa00,CB,2TM,2133000.00
,Fabian Moreau\MoreFa00,CB,WAS,2133000.00
,Damontae Kazee\KazeDa00,CB,ATL,2133000.00
,Cethan Carter\CartCe00,TE,CIN,2133000.00
,Xavier Woods\WoodXa00,SS,DAL,2133000.00
,John Johnson\JohnJo10,S,LAR,2133000.00
,Dylan Cole\ColeDy00,LB,HOU,2133000.00
,Larry Ogunjobi\OgunLa00,DT,CLE,2133000.00
,Matt Skura\SkurMa01,C,BAL,2133000.00
,Chris Carson\CarsCh00,RB,SEA,2133000.00
,Samson Ebukam\EbukSa00,OLB,LAR,2133000.00
,George Kittle\KittGe00,TE,SFO,2133000.00
,Al-Quadin Muhammad\MuhaAl00,DE,IND,2133000.00
382,Marlon Humphrey\HumpMa00,CB,BAL,2080566.00
383,Jonathan Allen\AlleJo01,DT,WAS,2046324.00
384,Adoree' Jackson\JackAd00,CB,TEN,2003561.00
385,Drew Brees\BreeDr00,QB,NOR,2000000.00
,Jason Kelce\KelcJa00,C,PHI,2000000.00
,Dontari Poe\PoexDo00,DT,DAL,2000000.00
,Andy Lee\LeexAn20,P,ARI,2000000.00
,Matt Schaub\SchaMa00,QB,ATL,2000000.00
,Za'Darius Smith\SmitZa00,DE,GNB,2000000.00
,Jalen Mills\MillJa02,CB,PHI,2000000.00
,Michael Brockers\BrocMi00,DT,LAR,2000000.00
,Shelby Harris\HarrSh00,DE,DEN,2000000.00
,Jordan Phillips\PhilJo01,DT,ARI,2000000.00
,Greg Mancz\MancGr00,C,HOU,2000000.00
,D.J. Reader\ReadD.00,DT,CIN,2000000.00
,Alex Okafor\OkafAl00,DE,KAN,2000000.00
,Eli Apple\ApplEl00,CB,CAR,2000000.00
,Emmanuel Sanders\SandEm00,WR,NOR,2000000.00
,Chris Harris Jr.\HarrCh01,CB,LAC,2000000.00
,Stephen Gostkowski\GostSt20,K,TEN,2000000.00
,Brian Winters\WintBr00,OG,BUF,2000000.00
,Dante Fowler\FowlDa00,OLB,ATL,2000000.00
,Chuck Clark\ClarCh00,FS,BAL,2000000.00
,A.J. McCarron\McCaA.00,QB,HOU,2000000.00
,Rigoberto Sanchez\SancRi00,P,IND,2000000.00
,Robert Griffin III\GrifRo01,QB,BAL,2000000.00
,Tyler Higbee\HigbTy00,TE,LAR,2000000.00
,Sean Lee\LeexSe99,LB,DAL,2000000.00
,Leonard Fournette\FourLe00,RB,TAM,2000000.00
411,O.J. Howard\HowaO.00,TE,TAM,1977903.00
412,Minkah Fitzpatrick\FitzMi00,FS,PIT,1975252.00
413,Ereck Flowers\FlowEr00,OT,MIA,1975000.00
414,Garett Bolles\BollGa00,OT,DEN,1969351.00
415,Jarrad Davis\DaviJa01,ILB,DET,1960798.00
416,Charles Harris\HarrCh03,DE,ATL,1943692.00
417,Evan Engram\EngrEv00,TE,NYG,1926587.00
418,Clelin Ferrell\FerrCl00,EDGE,LVR,1920492.00
419,Chris Jones\JoneCh02,P,DAL,1900000.00
,DeMarcus Lawrence\LawrDe00,DE,DAL,1900000.00
,Nick Vigil\VigiNi00,ILB,LAC,1900000.00
,Brett Kern\KernBr20,P,TEN,1900000.00
423,Jabrill Peppers\PeppJa00,SS,NYG,1875271.00
424,Patrick Robinson\RobiPa99,DB,NOR,1870000.00
,P.J. Williams\WillP.00,CB,NOR,1870000.00
426,Miles Killebrew\KillMi00,SS,DET,1862500.00
427,Takkarist McKinley\McKiTa00,OLB,ATL,1858163.00
428,Vita Vea\VeaxVi00,DT,TAM,1827658.00
429,Laken Tomlinson\TomlLa01,OG,SFO,1825000.00
430,Daron Payne\PaynDa00,DT,WAS,1790760.00
431,John Miller\MillJo04,OG,CAR,1790000.00
432,Josh Hill\HillJo02,TE,NOR,1785000.00
433,David Njoku\NjokDa00,TE,CLE,1763877.00
434,Jordan Howard\HowaJo00,RB,2TM,1750000.00
,Tyler Matakevich\MataTy00,ILB,BUF,1750000.00
,Greg Olsen\OlseGr00,TE,SEA,1750000.00
,Adrian Clayborn\ClayAd00,DL,CLE,1750000.00
,Derek Carrier\CarrDe00,WR,LVR,1750000.00
,Zach Banner\BannZa00,OG,PIT,1750000.00
,L.J. Fort\FortL.00,LB,BAL,1750000.00
,Christian Kirksey\KirkCh00,OLB,GNB,1750000.00
,Pat O'Donnell\ODonPa00,P,CHI,1750000.00
,Ben Garland\GarlBe00,DL,SFO,1750000.00
,Anthony Brown\BrowAn02,CB,DAL,1750000.00
,Adrian Amos\AmosAd00,FS,GNB,1750000.00
446,Marcus Davenport\DaveMa00,DE,NOR,1729263.00
447,T.J. Watt\WattT.00,OLB,PIT,1727532.00
448,Kolton Miller\MillKo00,OT,LVR,1704666.00
449,Craig Robertson\RobeCr00,LB,NOR,1700000.00
450,Kenny Clark\ClarKe01,DT,GNB,1690000.00
,Sheldon Rankins\RankSh00,DT,NOR,1690000.00
452,Ryan Ramczyk\RamcRy00,OT,NOR,1677485.00
453,Anthony Levine\LeviAn00,S,BAL,1675000.00
454,Cooper Kupp\KuppCo00,WR,LAR,1633000.00
455,Tremaine Edmunds\EdmuTr01,ILB,BUF,1630868.00
456,Damion Square\SquaDa00,DE,LAC,1612500.00
457,Tress Way\WayxTr00,P,WAS,1600000.00
,Matthew Slater\SlatMa00,WR,NWE,1600000.00
,Alex Erickson\EricAl01,WR,CIN,1600000.00
460,Jaire Alexander\AlexJa00,CB,GNB,1575522.00
461,Leighton Vander Esch\VandLe00,OLB,DAL,1557071.00
462,Frank Ragnow\RagnFr00,C,DET,1550922.00
463,Aaron Rodgers\RodgAa00,QB,GNB,1550000.00
,Joe Haeg\HaegJo00,OT,TAM,1550000.00
465,Billy Price\PricBi01,C,CIN,1544772.00
466,Chris Moore\MoorCh00,WR,BAL,1535000.00
467,Rashaan Evans\EvanRa01,ILB,TEN,1532472.00
468,Josh Allen\AlleJo03,EDGE,JAX,1528756.00
469,Randy Bullock\BullRa00,K,CIN,1525000.00
,Jordan Poyer\PoyeJo00,CB,BUF,1525000.00
471,Isaiah Wynn\WynnIs00,OT,NWE,1520173.00
472,Linval Joseph\JoseLi99,DT,LAC,1500000.00
,Matt Barkley\BarkMa00,QB,BUF,1500000.00
,Danny Shelton\ShelDa01,DT,DET,1500000.00
,John Simon\SimoJo01,DE,NWE,1500000.00
,Cameron Heyward\HeywCa01,DE,PIT,1500000.00
,Clayton Fejedelem\FejeCl00,FS,MIA,1500000.00
,Karl Joseph\JoseKa00,SS,CLE,1500000.00
,Jimmie Ward\WardJi01,SS,SFO,1500000.00
,Xavier Rhodes\RhodXa00,CB,IND,1500000.00
,Bryan Bulaga\BulaBr20,T,LAC,1500000.00
,Justin Bethel\BethJu00,CB,NWE,1500000.00
,Cameron Fleming\FlemCa00,OT,NYG,1500000.00
,Case Keenum\KeenCa00,QB,CLE,1500000.00
,Daryl Worley\WorlDa00,CB,3TM,1500000.00
,Ben Roethlisberger\RoetBe00,QB,PIT,1500000.00
,DeAndre Hopkins\HopkDe00,WR,ARI,1500000.00
,Dennis Kelly\KellDe00,OT,TEN,1500000.00
,Kevin Johnson\JohnKe04,CB,CLE,1500000.00
,Carlos Hyde\HydeCa00,RB,SEA,1500000.00
,Brian Poole\PoolBr01,S,NYJ,1500000.00
,Thomas Davis\DaviTh20,LB,WAS,1500000.00
,Danny Amendola\AmenDa00,WR,DET,1500000.00
,Austin Hooper\HoopAu00,TE,CLE,1500000.00
,Jordan Jenkins\JenkJo01,OLB,NYJ,1500000.00
,Austin Ekeler\EkelAu00,RB,LAC,1500000.00
,David Mayo\MayoDa00,ILB,NYG,1500000.00
498,D.J. Moore\MoorD.00,WR,CAR,1495574.00
499,Hayden Hurst\HursHa00,TE,ATL,1483275.00
500,Joe Dahl\DahlJo00,OG,DET,1475000.00
501,Calvin Ridley\RidlCa00,WR,ATL,1470974.00
502,B.J. Finney\FinnB.01,C,2TM,1470588.00
503,Rashaad Penny\PennRa00,RB,SEA,1458676.00
504,Terrell Edmunds\EdmuTe00,S,PIT,1452526.00
505,Kevin King\KingKe01,CB,GNB,1430575.00
506,Cam Robinson\RobiCa00,OT,JAX,1422022.00
507,Taven Bryan\BryaTa00,DT,JAX,1403178.00
508,Denzelle Good\GoodDe01,OT,LVR,1400000.00
,T.J. Yeldon\YeldT.00,RB,BUF,1400000.00
,Mason Crosby\CrosMa20,K,GNB,1400000.00
511,Ed Oliver\OlivEd00,DL,BUF,1389325.00
512,Carson Wentz\WentCa00,QB,PHI,1383000.00
513,Mike Hughes\HughMi00,CB,MIN,1377044.00
514,Chris Reed\ReedCh00,G,CAR,1375000.00
,Tyler Shatley\ShatTy00,OG,JAX,1375000.00
516,Forrest Lamp\LampFo00,OG,LAC,1374125.00
517,Austin Johnson\JohnAu01,DT,NYG,1362500.00
518,Brandon Graham\GrahBr99,DE,PHI,1360000.00
519,Marcus Maye\MayeMa00,FS,NYJ,1358733.00
520,Sony Michel\MichSo00,RB,NWE,1355154.00
521,Devin Bush Jr.\BushDe01,LB,PIT,1352808.00
522,Mark Nzeocha\NzeoMa00,OLB,SFO,1350000.00
523,Lamar Jackson\JackLa00,QB,BAL,1341059.00
524,Zay Jones\JoneZa00,WR,LVR,1339522.00
525,Marcus Williams\WillMa06,FS,NOR,1315969.00
526,DeVante Parker\ParkDe01,WR,MIA,1300000.00
,Cedric Ogbuehi\OgbuCe00,OT,SEA,1300000.00
,Andre Roberts\RobeAn00,WR,BUF,1300000.00
,Daryl Williams\WillDa06,OT,BUF,1300000.00
,Vinny Curry\CurrVi00,DE,PHI,1300000.00
,Joe Mixon\MixoJo00,RB,CIN,1300000.00
,Tyler Larsen\LarsTy00,C,CAR,1300000.00
,Senio Kelemete\KeleSe00,T,HOU,1300000.00
534,Jonah Williams\WillJo10,OL,CIN,1296371.00
535,Gerald Everett\EverGe00,TE,LAR,1289246.00
536,Adam Shaheen\ShahAd00,TE,MIA,1270982.00
537,Deon Bush\BushDe00,FS,CHI,1262500.00
538,Quincy Wilson\WilsQu01,CB,NYJ,1251310.00
539,Dion Dawkins\DawkDi00,OG,BUF,1250441.00
540,Ryan Smith\SmitRy00,CB,TAM,1250000.00
,Logan Thomas\ThomLo00,QB/TE,WAS,1250000.00
,Jack Doyle\DoylJa00,TE,IND,1250000.00
,Bryan Anger\AngeBr00,P,HOU,1250000.00
,Bryce Callahan\CallBr00,CB,DEN,1250000.00
,Johnathan Joseph\JoseJo20,DB,2TM,1250000.00
,Cameron Erving\ErviCa00,OT,DAL,1250000.00
,Christian Covington\CoviCh00,DT,CIN,1250000.00
,Kerry Hyder\HydeKe01,DT,SFO,1250000.00
,Chase Daniel\DaniCh00,QB,DET,1250000.00
,Ronald Darby\DarbRo00,CB,WAS,1250000.00
,Greg Zuerlein\ZuerGr00,K,DAL,1250000.00
,Adrian Phillips\PhilAd00,DB,NWE,1250000.00
,Chad Henne\HennCh01,QB,KAN,1250000.00
,Ezekiel Ansah\AnsaEz00,DE,SFO,1250000.00
,Pierre Desir\DesiPi00,CB,2TM,1250000.00
556,Tyus Bowser\BowsTy00,OLB,BAL,1225310.00
557,Levine Toilolo\ToilLe00,TE,NYG,1225000.00
558,Curtis Samuel\SamuCu00,WR,CAR,1220044.00
559,Rashan Gary\GaryRa00,DL,GNB,1216696.00
560,Jalen Ramsey\RamsJa00,CB,LAR,1203000.00
561,Le'Raven Clark\ClarLe01,OT,IND,1200000.00
,Mike Iupati\IupaMi20,G,SEA,1200000.00
563,Christian Wilkins\WilkCh00,DL,MIA,1196777.00
564,Ryan Anderson\AndeRy00,OLB,WAS,1191099.00
565,Deshaun Watson\WatsDe00,QB,HOU,1177123.00
566,Austin Corbett\CorbAu00,C,LAR,1163490.00
567,Chris Lindstrom\LindCh00,OL,ATL,1161503.00
568,Ryan Griffin\GrifRy00,TE,NYJ,1160000.00
,Tre Boston\BostTr00,FS,CAR,1160000.00
570,Will Hernandez\HernWi00,OG,NYG,1157340.00
571,DeMarcus Walker\WalkDe03,DE,DEN,1156890.00
572,Nick Chubb\ChubNi00,RB,CLE,1151190.00
573,Dwayne Haskins\HaskDw00,QB,WAS,1150301.00
574,Eric Kendricks\KendEr00,ILB,MIN,1150000.00
,Andy Janovich\JanoAn00,FB,CLE,1150000.00
,Demetrius Harris\HarrDe03,TE,CHI,1150000.00
,Kevin Pierre-Louis\PierKe00,OLB,WAS,1150000.00
,Demar Dotson\DotsDe00,T,DEN,1150000.00
579,Darius Leonard\LeonDa00,LB,IND,1138891.00
580,Justin Hardee\HardJu01,WR,NOR,1135000.00
581,Braden Smith\SmitBr06,OG,IND,1133972.00
582,Tarik Cohen\CoheTa00,RB,CHI,1133000.00
583,Desmond King\KingDe01,FS,2TM,1129235.00
584,Brennan Scarlett\ScarBr00,LB,HOU,1125000.00
,Roderick Johnson\JohnRo06,OT,HOU,1125000.00
586,Ronald Jones II\JoneRo01,RB,TAM,1122901.00
587,James Daniels\DaniJa01,C,CHI,1111833.00
588,Brian Burns\BurnBr00,EDGE,CAR,1110463.00
589,Raekwon McMillan\McMiRa02,ILB,LVR,1105573.00
590,Courtland Sutton\SuttCo00,WR,DEN,1101993.00
591,MyCole Pruitt\PruiMy00,TE,TEN,1100000.00
,Marcedes Lewis\LewiMa00,TE,GNB,1100000.00
,Sam Koch\KochSa20,P,BAL,1100000.00
,Nate Sudfeld\SudfNa00,QB,PHI,1100000.00
,Brandon Shell\ShelBr00,OT,SEA,1100000.00
,Dion Lewis\LewiDi00,RB,NYG,1100000.00
,Tyron Smith\SmitTy00,OT,DAL,1100000.00
,Cody Whitehair\WhitCo03,OG,CHI,1100000.00
,Cody Davis\DaviCo02,S,NWE,1100000.00
,Morgan Cox\CoxxMo00,C,BAL,1100000.00
,LeShaun Sims\SimsLe00,CB,CIN,1100000.00
,Vance McDonald\McDoVa00,TE,PIT,1100000.00
,Alex Lewis\LewiAl01,OT,NYJ,1100000.00
604,Dexter Lawrence\LawrDe03,DL,NYG,1097184.00
605,Harold Landry\LandHa00,OLB,TEN,1092153.00
606,Dalvin Tomlinson\TomlDa00,DT,NYG,1088468.00
607,Mike Gesicki\GesiMi00,TE,MIA,1081084.00
608,Garrett Bradbury\BradGa00,OL,MIN,1080585.00
609,Zach Cunningham\CunnZa00,OLB,HOU,1074783.00
610,Kerryon Johnson\JohnKe06,RB,DET,1071245.00
611,Jeffery Simmons\SimmJe01,DL,TEN,1070625.00
612,Noah Fant\FantNo00,TE,DEN,1067306.00
613,Ethan Pocic\PociEt00,C,SEA,1066231.00
614,Darnell Savage Jr.\SavaDa00,S,GNB,1063986.00
615,Nevin Lawson\LawsNe00,CB,LVR,1062500.00
616,Dante Pettis\PettDa00,WR,2TM,1061869.00
617,Tytus Howard\HowaTy00,,HOU,1050707.00
618,Oday Aboushi\AbouOd00,OT,DET,1050000.00
,Josh Harris\HarrJo02,LS,ATL,1050000.00
,Rodney McLeod\McLeRo00,S,PHI,1050000.00
,John Jenkins\JenkJo00,DT,CHI,1050000.00
,Kevin Minter\MintKe00,ILB,TAM,1050000.00
,Joe Haden\HadeJo99,DB,PIT,1050000.00
,Graham Gano\GanoGr44,K,NYG,1050000.00
,Tom Compton\CompTo00,T,SFO,1050000.00
,D.J. Swearinger\SweaDJ00,FS,NOR,1050000.00
,Benson Mayowa\MayoBe00,DE,SEA,1050000.00
,Jordan Reed\ReedJo02,TE,SFO,1050000.00
,Janoris Jenkins\JenkJa03,CB,NOR,1050000.00
,Kyle Nelson\NelsKy00,TE,SFO,1050000.00
,Nate Ebner\EbneNa00,DB,NYG,1050000.00
,Stefen Wisniewski\WisnSt01,LG,2TM,1050000.00
,A.Q. Shipley\ShipA.20,C,TAM,1050000.00
,L.P. Ladouceur\LadoL.20,LS,DAL,1050000.00
,Eddie Jackson\JackEd01,SS,CHI,1050000.00
,Colt McCoy\McCoCo00,QB,NYG,1050000.00
,Geno Smith\SmitGe00,QB,SEA,1050000.00
,Chris Thompson\ThomCh03,RB,JAX,1050000.00
,J.J. Jansen\JansJ.00,C,CAR,1050000.00
,Jake McQuaide\McQuJa00,LS,LAR,1050000.00
,Mike Daniels\DaniMi00,DT,CIN,1050000.00
,Daniel Kilgore\KilgDa00,G,KAN,1050000.00
,Dre Kirkpatrick\KirkDr00,CB,ARI,1050000.00
,Blidi Wreh-Wilson\WrehBl00,CB,ATL,1050000.00
,Barkevious Mingo\MingBa00,OLB,CHI,1050000.00
,Lane Johnson\JohnLa01,OT,PHI,1050000.00
,Blaine Gabbert\GabbBl00,QB,TAM,1050000.00
,Dustin Colquitt\ColqDu20,P,2TM,1050000.00
,Josh Bynes\ByneJo00,LB,CIN,1050000.00
,Clark Harris\HarrCl20,TE,CIN,1050000.00
,Jack Crawford\CrawJa00,DE,TEN,1050000.00
,Pernell McPhee\McPhPe00,DL,BAL,1050000.00
,Brian Hoyer\HoyeBr00,QB,NWE,1050000.00
,Nick Bellore\BellNi01,LB,SEA,1050000.00
,Demario Davis\DaviDe00,OLB,NOR,1050000.00
,Luke Stocker\StocLu00,TE,ATL,1050000.00
,Kyle Wilber\WilbKy00,OLB,LVR,1050000.00
,Ryan Succop\SuccRy44,K,TAM,1050000.00
,Rex Burkhead\BurkRe00,RB,NWE,1050000.00
,Britton Colquitt\ColqBr00,P,MIN,1050000.00
,Darius Slay\SlayDa00,CB,PHI,1050000.00
,Kelechi Osemele\OsemKe00,T,KAN,1050000.00
,Malcolm Smith\SmitMa02,OLB,CLE,1050000.00
,Mike Glennon\GlenMi00,QB,JAX,1050000.00
,Beau Brinkley\BrinBe00,LS,TEN,1050000.00
,LaRoy Reynolds\ReynLa00,LB,ATL,1050000.00
,Andrew Sendejo\SendAn00,DB,CLE,1050000.00
,Anthony Sherman\SherAn00,RB,KAN,1050000.00
,Maurkice Pouncey\PounMa20,C,PIT,1050000.00
,Sam Young\YounSa21,T,LVR,1050000.00
,David DeCastro\DeCaDa00,G,PIT,1050000.00
,Luke Willson\WillLu00,TE,2TM,1050000.00
,Tashaun Gipson\GipsTa00,DB,CHI,1050000.00
,Chris Banjo\BanjCh00,S,ARI,1050000.00
,Cam Newton\NewtCa00,QB,NWE,1050000.00
,Jason Peters\PeteJa21,T,PHI,1050000.00
,Nickell Robey-Coleman\RobeNi00,CB,PHI,1050000.00
,LeSean McCoy\McCoLe01,RB,TAM,1050000.00
,Ted Ginn Jr.\GinnTe00,WR,CHI,1050000.00
,Joe Flacco\FlacJo00,QB,NYJ,1050000.00
,Aaron Brewer\BrewAa00,LS,ARI,1050000.00
,Tavon Wilson\WilsTa00,FS,IND,1050000.00
,Sherrick McManis\McMaSh99,DB,CHI,1050000.00
,Malcolm Jenkins\JenkMa99,DB,NOR,1050000.00
,Frank Gore\GoreFr00,RB,NYJ,1050000.00
,Neiko Thorpe\ThorNe00,DB,SEA,1050000.00
,Rodney Hudson\HudsRo00,OL,LVR,1050000.00
,Kelvin Beachum\BeacKe00,T,ARI,1050000.00
,Tahir Whitehead\WhitTa00,OLB,CAR,1050000.00
,Sam Martin\MartSa01,P,DEN,1050000.00
,Nick Sundberg\SundNi00,C,WAS,1050000.00
,Terron Armstead\ArmsTe00,OT,NOR,1050000.00
,Matt Ryan\RyanMa00,QB,ATL,1050000.00
,Tavon Austin\AustTa00,WR,GNB,1050000.00
,Don Muhlbach\MuhlDo20,C,DET,1050000.00
,Dan Bailey\BailDa00,K,MIN,1050000.00
,D.J. Fluker\FlukDJ00,OT,BAL,1050000.00
,Michael Thomas\ThomMi02,S,HOU,1050000.00
,Mike Remmers\RemmMi00,T,KAN,1050000.00
,Adrian Peterson\PeteAd01,RB,DET,1050000.00
,Jon Weeks\WeekJo00,C,HOU,1050000.00
,Logan Ryan\RyanLo00,CB,NYG,1050000.00
,Taiwan Jones\JoneTa00,RB,BUF,1050000.00
,Malik Jackson\JackMa02,DT,PHI,1050000.00
,Allen Bailey\BailAl00,DL,ATL,1050000.00
706,Chidobe Awuzie\AwuzCh00,CB,DAL,1049126.00
707,Josh Jackson\JackJo01,CB,GNB,1048736.00
708,Jared Goff\GoffJa00,QB,LAR,1042682.00
709,Josh Jacobs\JacoJo01,RB,LVR,1037427.00
710,JuJu Smith-Schuster\SmitJu00,WR,PIT,1037152.00
711,Deshazor Everett\EverDe01,CB,WAS,1035000.00
712,Taylor Moton\MotoTa00,OT,CAR,1032021.00
713,Marquise Brown\BrowMa04,WR,BAL,1030788.00
714,Tanoh Kpassagnon\KpasTa00,DE,KAN,1029257.00
715,Montez Sweat\SweaMo00,EDGE,WAS,1024148.00
716,Johnathan Abram\AbraJo01,S,LVR,1017509.00
717,Christian Kirk\KirkCh01,WR,ARI,1015897.00
718,Jerry Tillery\TillJe00,DL,LAC,1014189.00
719,Uchenna Nwosu\NwosUc00,OLB,LAC,1003598.00
720,Darian Thompson\ThomDa05,FS,DAL,1000000.00
,Wes Schweitzer\SchwWe00,OT,WAS,1000000.00
,Eric Ebron\EbroEr00,TE,PIT,1000000.00
,Malcolm Brown\BrowMa03,RB,LAR,1000000.00
,Tyler Eifert\EifeTy00,TE,JAX,1000000.00
,Darryl Roberts\RobeDa00,CB,DET,1000000.00
,David Onyemata\OnyeDa00,DT,NOR,1000000.00
,Patrick Ricard\RicaPa00,DE,BAL,1000000.00
,Kendall Fuller\FullKe00,CB,WAS,1000000.00
,Damiere Byrd\ByrdDa00,WR,NWE,1000000.00
,Jeremiah Attaochu\AttaJe00,OLB,DEN,1000000.00
,Patrick Onwuasor\OnwuPa00,LB,NYJ,1000000.00
,Javon Hargrave\HargJa00,DT,PHI,1000000.00
,Joe Thomas\ThomJo04,LB,DAL,1000000.00
,B.J. Goodson\GoodB.00,OLB,CLE,1000000.00
,Denzel Perryman\PerrDe00,ILB,LAC,1000000.00
,Nathan Peterman\PeteNa00,QB,LVR,1000000.00
,Neville Hewitt\HewiNe00,LB,NYJ,1000000.00
,Joey Bosa\BosaJo00,DE,LAC,1000000.00
,Budda Baker\BakeBu00,FS,ARI,1000000.00
,Ty Sambrailo\SambTy00,OT,TEN,1000000.00
,Michael Schofield\SchoMi00,OT,CAR,1000000.00
,Charley Hughlett\HughCh01,LS,CLE,1000000.00
,Rakeem Nunez-Roches\NuneRa00,DT,TAM,1000000.00
,Xavier Su'a-Filo\Sua-Xa00,OG,CIN,1000000.00
,Greg Van Roten\VanRGr00,G,NYJ,1000000.00
,Jeff Driskel\DrisJe00,QB,DEN,1000000.00
,Andrus Peat\PeatAn00,OT,NOR,1000000.00
,Michael Thomas\ThomMi05,WR,NOR,1000000.00
,Dean Lowry\LowrDe00,DE,GNB,1000000.00
,Nick Vannett\VannNi00,TE,DEN,1000000.00
,Shilique Calhoun\CalhSh00,DE,NWE,1000000.00
,Derek Watt\WattDe00,FB,PIT,1000000.00
,Blake Bell\BellBl00,TE,DAL,1000000.00
,Elandon Roberts\RobeEl00,ILB,MIA,1000000.00
,Dean Marlowe\MarlDe00,S,BUF,1000000.00
,Sheldon Day\DayxSh00,DT,IND,1000000.00
,Will Parks\ParkWi01,S,2TM,1000000.00
,Melvin Gordon\GordMe00,RB,DEN,1000000.00
,Andy Dalton\DaltAn00,QB,DAL,1000000.00
,Devon Kennard\KennDe00,OLB,ARI,1000000.00
,Kamu Grugier-Hill\GrugKa00,OLB,MIA,1000000.00
,De'Vondre Campbell\CampDe00,OLB,ARI,1000000.00
763,Dallas Goedert\GoedDa00,TE,PHI,991297.00
764,Brandon Carr\CarrBr99,DB,DAL,988240.00
765,Mohamed Sanu\SanuMo00,WR,2TM,988235.00
,Nick Folk\FolkNi20,K,NWE,988235.00
767,L.J. Collier\CollLJ00,DL,SEA,987549.00
768,Kenny Wiggins\WiggKe00,T,DET,986800.00
769,Connor Williams\WillCo00,OT,DAL,978999.00
770,Anthony Miller\MillAn02,WR,CHI,966700.00
771,Dawuane Smoot\SmooDa00,DE,JAX,964353.00
772,Kaleb McGary\McGaKa00,OL,ATL,961625.00
773,Jonathan Bostic\BostJo00,LB,WAS,960000.00
774,Kemoko Turay\TuraKe00,OLB,IND,954400.00
775,N'Keal Harry\HarrNK00,WR,NWE,954016.00
776,Jameis Winston\WinsJa00,QB,NOR,952000.00
777,J.D. McKissic\McKiJ.00,WR,WAS,950000.00
778,C.J. Beathard\BeatC.00,QB,SFO,946179.00
779,Devonta Freeman\FreeDe00,RB,NYG,944118.00
780,M.J. Stewart\StewM.00,CB,CLE,942101.00
781,Jessie Bates III\BateJe00,FS,CIN,929801.00
782,Todd Davis\DaviTo01,LB,MIN,926471.00
,Patrick Omameh\OmamPa00,G,2TM,926471.00
784,Donte Jackson\JackDo02,CB,CAR,917502.00
785,Duke Dawson\DawsDu00,CB,DEN,911352.00
786,Adarius Taylor\GlanAd00,LB,CAR,910000.00
,Dakota Dozier\DoziDa00,OT,MIN,910000.00
,T.J. Carrie\CarrTr00,CB,IND,910000.00
,Tyrell Adams\AdamTy00,LB,HOU,910000.00
,Terrence Brooks\BrooTe00,FS,NWE,910000.00
,Rob Havenstein\HaveRo00,OT,LAR,910000.00
,Senorise Perry\PerrSe00,RB,TEN,910000.00
,Julian Stanford\StanJu00,LB,CAR,910000.00
,Chaz Green\GreeCh02,OT,IND,910000.00
,Justin March-Lillard\MarcJu00,LB,DAL,910000.00
,Ty Montgomery\MontTy01,RB-WR,NOR,910000.00
,Darqueze Dennard\DennDa00,CB,ATL,910000.00
,Brent Qvale\QvalBr01,T,HOU,910000.00
,Ameer Abdullah\AbduAm00,RB,MIN,910000.00
,Jihad Ward\WardJi02,DE,BAL,910000.00
,Dwayne Washington\WashDw00,RB,NOR,910000.00
,C.J. Goodwin\GoodC.00,WR,DAL,910000.00
,Tony McRae\McRaTo00,CB,DET,910000.00
,Rick Lovato\LovaRi00,LS,PHI,910000.00
,Daniel Brown\BrowDa04,TE,NYJ,910000.00
,James O'Shaughnessy\O'ShJa00,TE,JAX,910000.00
,Geoff Swaim\SwaiGe00,TE,TEN,910000.00
,Christian Jones\JoneCh05,ILB,DET,910000.00
,Rashod Hill\HillRa01,T,MIN,910000.00
,Tyler Ott\OttxTy00,LS,SEA,910000.00
,Peyton Barber\BarbPe01,RB,WAS,910000.00
,Cory Littleton\LittCo01,LB,LVR,910000.00
,DeAndre Houston-Carson\HousDe00,FS,CHI,910000.00
,Nelson Agholor\AghoNe00,WR,LVR,910000.00
,Dee Ford\FordDe00,DE,SFO,910000.00
,Isaac Seumalo\SeumIs00,OG,PHI,910000.00
,Chris Manhertz\ManhCh00,TE,CAR,910000.00
,Germain Ifedi\IfedGe00,OT,CHI,910000.00
,Tyler Ervin\ErviTy00,RB,GNB,910000.00
,Cre'von LeBlanc\LeBlCr01,DB,PHI,910000.00
,James Winchester\WincJa00,LS,KAN,910000.00
,Nick Dzubnar\DzubNi00,LB,TEN,910000.00
,Luke Rhodes\RhodLu00,LB,IND,910000.00
,Hassan Ridgeway\RidgHa00,DT,PHI,910000.00
,Bruce Miller\MillBr02,FB,JAX,910000.00
,Dontrelle Inman\InmaDo00,WR,WAS,910000.00
,Tyeler Davison\DaviTy01,DT,ATL,910000.00
,Kevin Byard\ByarKe01,S,TEN,910000.00
,Brandon Copeland\CopeBr00,LB,NWE,910000.00
,Kameron Canaday\CanaKa00,LS,PIT,910000.00
,Patrick Scales\ScalPa00,LS,CHI,910000.00
,Sharrod Neasman\NeasSh00,S,ATL,910000.00
,Adam Gotsis\GotsAd00,DT,JAX,910000.00
,Cornelius Lucas\LucaCo01,T,WAS,910000.00
,Zach Kerr\KerrZa00,NT,CAR,910000.00
,Mario Edwards\EdwaMa01,DE,CHI,910000.00
,Christopher Milton\MiltCh00,CB,TEN,910000.00
,Justin Ellis\ElliJu01,DT,BAL,910000.00
,Cassius Marsh\MarsCa00,DE,3TM,910000.00
,Zack Martin\MartZa00,G,DAL,910000.00
,Trey Burton\BurtTr01,TE,IND,910000.00
,Pharoh Cooper\CoopPh00,WR,CAR,910000.00
,Jerick McKinnon\McKiJe00,RB,SFO,910000.00
,Steven Means\MeanSt00,DE,ATL,910000.00
,Josh Wells\WellJo02,T,TAM,910000.00
,Phillip Gaines\GainPh00,CB,HOU,910000.00
,Michael Burton\BurtMi00,FB,NOR,910000.00
,Richard Rodgers\RodgRi00,TE,PHI,910000.00
,Rashard Higgins\HiggRa00,WR,CLE,910000.00
,Devontae Booker\BookDe00,RB,LVR,910000.00
,Matthias Farley\FarlMa00,DB,NYJ,910000.00
,Tyreek Hill\HillTy00,WR,KAN,910000.00
,Riley Dixon\DixoRi00,P,NYG,910000.00
,Lane Taylor\TaylLa01,G,GNB,910000.00
,Chris Hogan\HogaCh00,WR,NYJ,910000.00
,Keith Smith\SmitKe03,LB,ATL,910000.00
,Andrew Adams\AdamAn00,FS,TAM,910000.00
,Steven Nelson\NelsSt01,CB,PIT,910000.00
,Angelo Blackson\BlacAn00,DT,ARI,910000.00
,Brent Urban\UrbaBr00,DE,CHI,910000.00
,Aldon Smith\SmitAl04,DE,DAL,910000.00
,Chris Boswell\BoswCh00,K,PIT,910000.00
,D.J. Humphries\HumpD.00,OT,ARI,910000.00
,Kavon Frazier\FrazKa00,FS,MIA,910000.00
,Casey Kreiter\KreiCa00,LS,NYG,910000.00
,Sean Davis\DaviSe00,FS,PIT,910000.00
,Juston Burris\BurrJu00,CB,CAR,910000.00
,Max Garcia\GarcMa00,C,ARI,910000.00
,William Compton\CompWi00,LB,TEN,910000.00
,Antonio Hamilton\HamiAn01,CB,KAN,910000.00
,Jason Verrett\VerrJa00,CB,SFO,910000.00
,Joe Cardona\CardJo00,LS,NWE,910000.00
873,Isaiah Oliver\OlivIs00,CB,ATL,901513.00
874,C.J. Ham\HamxC.00,RB,MIN,900000.00
875,James Washington\WashJa00,WR,PIT,889213.00
876,DJ Chark\CharDJ00,WR,JAX,884294.00
877,Brian O'Neill\ONeiBr00,OT,MIN,880603.00
878,Carlton Davis\DaviCa02,CB,TAM,879374.00
879,Tyquan Lewis\LewiTy00,DE,IND,876914.00
880,Lucas Patrick\PatrLu00,G,GNB,875000.00
881,Jordan Willis\WillJo09,DE,2TM,865250.00
882,Timmy Jernigan\JernTi00,DT,2TM,864706.00
,Jahleel Addae\AddaJa00,S,LAC,864706.00
884,Myles Garrett\GarrMy00,DE,CLE,862126.00
885,Byron Murphy\MurpBy00,CB,ARI,858159.00
886,Alec Ogletree\OgleAl00,OLB,NYJ,856471.00
,Cairo Santos\SantCa01,K,CHI,856471.00
,Cody Parkey\ParkCo03,K,CLE,856471.00
,Anthony Chickillo\ChicAn00,DE,DEN,856471.00
,Dontae Johnson\JohnDo02,FS,SFO,856471.00
,Brett Jones\JoneBr04,C,MIN,856471.00
,John Wetzel\WetzJo00,T,ATL,856471.00
893,Curtis Riley\RileCu00,CB,2TM,856464.00
894,Rock Ya-Sin\Ya-SRo00,CB,IND,854839.00
895,Brandon Parker\ParkBr01,OT,LVR,852304.00
896,Lorenzo Carter\CartLo01,DE,NYG,851226.00
897,Jawaan Taylor\TaylJa02,OL,JAX,850632.00
898,Gardner Minshew II\MinsGa00,QB,JAX,850000.00
899,Justin Reid\ReidJu00,FS,HOU,849957.00
900,B.J. Hill\HillB.00,DT,NYG,848690.00
901,Deebo Samuel\SamuDe00,WR,SFO,844880.00
902,Fred Warner\WarnFr00,OLB,SFO,844000.00
903,Greg Little\LittGr01,OL,CAR,842224.00
904,Taysom Hill\HillTa00,QB,NOR,841000.00
905,Mason Rudolph\RudoMa00,QB,PIT,836554.00
906,Cody Ford\FordCo00,OL,BUF,835419.00
907,Alvin Kamara\KamaAl00,RB,NOR,833000.00
908,Royce Freeman\FreeRo00,RB,DEN,832000.00
909,Sean Murphy-Bunting\BuntSe00,CB,TAM,830273.00
910,Jamal Agnew\AgneJa00,CB,DET,825000.00
,Tedric Thompson\ThomTe00,SS,KAN,825000.00
,Ricky Seals-Jones\SealRi00,WR,KAN,825000.00
,Eli Ankou\AnkoEl00,DT,DAL,825000.00
,Dalvin Cook\CookDa01,RB,MIN,825000.00
,KeiVarae Russell\RussKe00,CB,GNB,825000.00
,Antony Auclair\AuclAn00,TE,TAM,825000.00
,Vernon Hargreaves III\HargVe00,CB,HOU,825000.00
,Vincent Taylor\TaylVi00,DT,CLE,825000.00
,Isaiah McKenzie\McKeIs00,WR,BUF,825000.00
,Montravius Adams\AdamMo00,DT,GNB,825000.00
,Jojo Natson\NatsJo00,WR,CLE,825000.00
,Trey Hendrickson\HendTr00,DE,NOR,825000.00
,Randy Gregory\GregRa00,DE,DAL,825000.00
,Trevon Coley\ColeTr01,DL,ARI,825000.00
,Isaac Rochell\RochIs00,DE,LAC,825000.00
,David Moore\MoorDa03,WR,SEA,825000.00
,Tanner Vallejo\VallTa00,ILB,ARI,825000.00
,Mike Williams\WillMi07,WR,LAC,825000.00
,Rashaad Coward\CowaRa00,DT,CHI,825000.00
,Jaleel Johnson\JohnJa09,DT,MIN,825000.00
,Wayne Gallman\GallWa00,RB,NYG,825000.00
,Alex Armah\ArmaAl00,FB,CAR,825000.00
,Reid Ferguson\FergRe00,LS,BUF,825000.00
,Conor McDermott\McDeCo00,OT,NYJ,825000.00
,Rasul Douglas\DougRa00,CB,CAR,825000.00
,Charles Washington\WashCh01,DB,ARI,825000.00
,Tye Smith\SmitTy01,CB,TEN,825000.00
,Elijhaa Penny\PennEl00,RB,NYG,825000.00
,Morgan Fox\FoxxMo00,DL,LAR,825000.00
,Mitchell Trubisky\TrubMi00,QB,CHI,825000.00
,Marvin Hall\HallMa02,WR,2TM,825000.00
,James Conner\ConnJa00,RB,PIT,825000.00
,Nathan Gerry\GerrNa00,SS,PHI,825000.00
,Christian McCaffrey\McCaCh01,RB,CAR,825000.00
,Jamal Adams\AdamJa00,SS,SEA,825000.00
,Samaje Perine\PeriSa00,RB,CIN,825000.00
,Darrell Daniels\DaniDa02,TE,ARI,825000.00
,Corey Davis\DaviCo03,WR,TEN,825000.00
,Brandon Williams\WillBr07,CB,NYG,825000.00
,Cameron Sutton\SuttCa00,CB,PIT,825000.00
,Arthur Maulet\MaulAr00,CB,NYJ,825000.00
,Jake Butt\ButtJa00,TE,DEN,825000.00
,Justin McCray\McCrJu00,G,ATL,825000.00
,Kalif Raymond\RaymKa00,WR,TEN,825000.00
,Jalen Reeves-Maybin\ReevJa00,OLB,DET,825000.00
,Derek Rivers\RiveDe00,DE,2TM,825000.00
,Zach Wood\WoodZa00,DE,NOR,825000.00
,Thomas Hennessy\HennTh00,LS,NYJ,825000.00
,T.Y. McGill\McGiT.00,DT,PHI,825000.00
,Mack Hollins\HollMa00,WR,MIA,825000.00
,Mike Thomas\ThomMi04,WR,CIN,825000.00
,Rudy Ford\FordRu00,S,PHI,825000.00
,Jordan Dangerfield\DangJo00,FS,PIT,825000.00
,Jason Spriggs\SpriJa00,OT,CHI,825000.00
,Noah Brown\BrowNo00,WR,DAL,825000.00
,Corey Clement\ClemCo00,RB,PHI,825000.00
,Jake Elliott\ElliJa03,K,PHI,825000.00
,D.J. Jones\JoneD.01,DT,SFO,825000.00
,Josh Jones\JoneJo06,S,JAX,825000.00
,Reggie Ragland\RaglRe00,ILB,DET,825000.00
,Adam Pankey\PankAd00,OG,MIA,825000.00
,Eric Saubert\SaubEr00,TE,JAX,825000.00
,Carlos Watkins\WatkCa00,DT,HOU,825000.00
,Tarell Basham\BashTa00,DE,NYJ,825000.00
,Taco Charlton\CharTa00,DE,KAN,825000.00
,Tajae Sharpe\SharTa00,WR,MIN,825000.00
,Duke Riley\RileDu00,OLB,PHI,825000.00
,Patrick Mahomes\MahoPa00,QB,KAN,825000.00
,Adrian Colbert\ColbAd00,SS,NYG,825000.00
,Jordan Evans\EvanJo01,ILB,CIN,825000.00
,Lano Hill\HillDe02,FS,SEA,825000.00
,Joseph Jones\JoneJo05,OLB,DEN,825000.00
983,Trayvon Mullen\MullTr00,CB,LVR,824961.00
984,Jayron Kearse\KearJa00,SS,DET,823530.00
985,Dalton Risner\RisnDa00,OL,DEN,819649.00
986,Nathan Shepherd\ShepNa00,DT,NYJ,818000.00
987,Drew Lock\LockDr00,QB,DEN,813674.00
988,Jerome Baker\BakeJe00,OLB,MIA,810000.00
989,Alex Anzalone\AnzaAl00,OLB,NOR,809000.00
990,Jahlani Tavai\TavaJa00,LB,DET,808362.00
991,George Iloka\IlokGe00,FS,MIN,802941.00
,Ryan Groy\GroyRy00,OG,LAC,802941.00
,Trevor Williams\WillTr05,CB,PHI,802941.00
,Mike Pennel\PennMi00,DT,KAN,802941.00
,Marqui Christian\ChriMa00,SS,NYJ,802941.00
,Daniel McCullers\McCuDa00,DT,CHI,802941.00
,Hroniss Grasu\GrasHr00,C,SFO,802941.00
,Bennie Fowler\FowlBe00,WR,NOR,802941.00
999,Dion Jordan\JordDi00,DE,SFO,802935.00
,Ibraheim Campbell\CampIb00,SS,IND,802935.00
,Jordan Richards\RichJo00,SS,BAL,802935.00
1002,Elgton Jenkins\JenkEl00,OL,GNB,802597.00
1003,Joejuan Williams\WillJo13,CB,NWE,795535.00
1004,Geron Christian\ChriGe01,OT,WAS,779000.00
1005,Marquise Blair\BlaiMa01,S,SEA,778484.00
1006,Sidney Jones\JoneSi00,CB,JAX,776471.00
1007,Erik McCoy\McCoEr01,OL,NOR,771261.00
1008,Ben Banogu\BanoBe00,EDGE,IND,765205.00
1009,Bashaud Breeland\BreeBa00,CB,KAN,764706.00
1010,Irv Smith Jr.\SmitIr01,TE,MIN,758566.00
1011,A.J. Brown\BrowAJ00,WR,TEN,751926.00
1012,Saquon Barkley\BarkSa00,RB,NYG,750000.00
,Korey Cunningham\CunnKo00,OT,NWE,750000.00
,Armani Watts\WattAr00,FS,KAN,750000.00
,Josey Jewell\JeweJo00,ILB,DEN,750000.00
,Ben Niemann\NiemBe00,LB,KAN,750000.00
,Zaire Franklin\FranZa00,LB,IND,750000.00
,Ja'Whaun Bentley\BentJa00,ILB,NWE,750000.00
,Efe Obada\ObadEf00,LB,CAR,750000.00
,Jordan Whitehead\WhitJo03,SS,TAM,750000.00
,Jalen Davis\DaviJa06,CB,CIN,750000.00
,Russell Gage\GageRu00,WR,ATL,750000.00
,Jordan Wilkins\WilkJo01,RB,IND,750000.00
,Chandon Sullivan\SullCh00,CB,GNB,750000.00
,Darrel Williams\WillDa10,RB,KAN,750000.00
,Chris Jones\JoneCh06,CB,2TM,750000.00
,Cornell Armstrong\ArmsCo00,CB,HOU,750000.00
,Jason Cabinda\CabiJa00,ILB,DET,750000.00
,Michael Badgley\BadgMi00,K,LAC,750000.00
,Alex Cappa\CappAl00,OT,TAM,750000.00
,Roquan Smith\SmitRo07,ILB,CHI,750000.00
,Tre Flowers\FlowTr01,SS,SEA,750000.00
,Isaiah Ford\FordIs00,WR,MIA,750000.00
,Justin Watson\WatsJu01,WR,TAM,750000.00
,Tavierre Thomas\ThomTa01,DB,CLE,750000.00
,Bradley Chubb\ChubBr00,DE,DEN,750000.00
,Taylor Stallworth\StalTa00,DT,IND,750000.00
,Avonte Maddox\MaddAv00,CB,PHI,750000.00
,DeShon Elliott\ElliDe02,SS,BAL,750000.00
,Younghoe Koo\KooxYo00,K,ATL,750000.00
,Deon Yelder\YeldDe00,TE,KAN,750000.00
,Jacob Martin\MartJa02,LB,HOU,750000.00
,Darious Williams\WillDa09,CB,LAR,750000.00
,Ryan Izzo\IzzoRy00,TE,NWE,750000.00
,Corey Bojorquez\BojoCo00,P,BUF,750000.00
,Brandon Facyson\FacyBr00,CB,LAC,750000.00
,Baker Mayfield\MayfBa00,QB,CLE,750000.00
,Daniel Munyer\MunyDa00,OL,TEN,750000.00
,Trenton Cannon\CannTr00,RB,CAR,750000.00
,Hunter Bradley\BradHu00,LS,GNB,750000.00
,Davontae Harris\HarrDa05,CB,2TM,750000.00
,Kylie Fitts\FittKy00,DE,ARI,750000.00
,Devante Downs\DownDe00,LB,NYG,750000.00
,Joshua Kalu\KaluJo00,CB,TEN,750000.00
,Tim Patrick\PatrTi00,WR,DEN,750000.00
,Dalton Schultz\SchuDa00,TE,DAL,750000.00
,Trenton Scott\ScotTr01,T,CAR,750000.00
,Danny Johnson\JohnDa09,CB,WAS,750000.00
,Josh Allen\AlleJo02,QB,BUF,750000.00
,J.T. Gray\GrayJ.00,DB,NOR,750000.00
,John Franklin-Myers\FranJo02,DE,NYJ,750000.00
,Antwaun Woods\WoodAn02,NT,DAL,750000.00
,Trent Sherfield\SherTr00,WR,ARI,750000.00
,Eddie Yarbrough\YarbEd01,DE,MIN,750000.00
,Mark Andrews\AndrMa00,TE,BAL,750000.00
,Brandon Powell\PoweBr00,WR,ATL,750000.00
,Chukwuma Okorafor\OkorCh00,OT,PIT,750000.00
,Marquez Valdes-Scantling\ValdMa00,WR,GNB,750000.00
,Tyler Lancaster\LancTy00,DL,GNB,750000.00
,Joel Iyiegbuniwe\IyieJo00,LB,CHI,750000.00
,Ike Boettger\BoetIk00,G,BUF,750000.00
,P.J. Hall\HallP.00,DT,HOU,750000.00
,Scott Quessenberry\QuesSc00,C,LAC,750000.00
,Ray-Ray McCloud\McClRa00,WR,PIT,750000.00
,Nyheim Hines\HineNy00,RB,IND,750000.00
,Tracy Walker\WalkTr01,S,DET,750000.00
,Trent Taylor\TaylTr02,WR,SFO,750000.00
,Peter Kalambayi\KalaPe00,LB,HOU,750000.00
,Josh Adams\AdamJo03,RB,NYJ,750000.00
,Jermaine Carter Jr.\CartJe00,LB,CAR,750000.00
,Ronnie Harrison\HarrRo02,SS,CLE,750000.00
,Olasunkanmi Adeniyi\AdenOl00,DE,PIT,750000.00
,Jordan Akins\AkinJo00,TE,HOU,750000.00
,Bilal Nichols\NichBi00,DT,CHI,750000.00
,Arden Key\KeyxAr00,DE,LVR,750000.00
,Tim Settle\SettTi00,DT,WAS,750000.00
,Marquis Haynes\HaynMa01,OLB,CAR,750000.00
,Derrick Nnadi\NnadDe00,DT,KAN,750000.00
,Robert Tonyan\TonyRo00,TE,GNB,750000.00
,Tony Brown\BrowTo01,CB,CIN,750000.00
,George Odum\OdumGe00,S,IND,750000.00
,Trey Marshall\MarsTr00,S,DEN,750000.00
,Malik Turner\TurnMa00,WR,DAL,750000.00
,Mason Cole\ColeMa02,C,ARI,750000.00
,Josh Andrews\AndrJo01,G,NYJ,750000.00
,Chris Board\BoarCh00,LB,BAL,750000.00
,Justin Jackson\JackJu01,RB,LAC,750000.00
,Johnny Mundt\MundJo00,TE,LAR,750000.00
,Jason Sanders\SandJa00,K,MIA,750000.00
,Denzel Ward\WardDe02,CB,CLE,750000.00
,Jalyn Holmes\HolmJa01,DE,MIN,750000.00
,Phillip Lindsay\LindPh00,RB,DEN,750000.00
,Tyrell Crosby\CrosTy00,OT,DET,750000.00
,Ian Thomas\ThomIa00,TE,CAR,750000.00
,Matt Gono\GonoMa00,T,ATL,750000.00
,Antonio Brown\BrowAn04,WR,TAM,750000.00
,Buddy Howell\HoweGr00,RB,HOU,750000.00
,Kevin Peterson\PeteKe01,CB,ARI,750000.00
,Harrison Phillips\PhilHa00,DT,BUF,750000.00
,Braxton Berrios\BerrBr00,WR,NYJ,750000.00
,Oren Burks\BurkOr00,ILB,GNB,750000.00
,Michael Gallup\GallMi00,WR,DAL,750000.00
,Brandon Zylstra\ZylsBr00,WR,CAR,750000.00
,Mike Boone\BoonMi00,RB,MIN,750000.00
,Dan Arnold\ArnoDa00,WR,ARI,750000.00
,Folorunso Fatukasi\FatuFo00,DT,NYJ,750000.00
,Keke Coutee\CoutKe00,WR,HOU,750000.00
,Bradley Bozeman\BozeBr00,C,BAL,750000.00
,Justin Murray\MurrJu00,T,ARI,750000.00
,Anthony Firkser\FirkAn00,TE,TEN,750000.00
,Mike McGlinchey\McGlMi00,OT,SFO,750000.00
,Jamil Douglas\DougJa00,OG,TEN,750000.00
,Demone Harris\HarrDe06,DE,KAN,750000.00
,DeAndre Carter\CartDe02,WR,2TM,750000.00
,Siran Neal\NealSi00,CB,BUF,750000.00
,Ross Dwelley\DwelRo00,TE,SFO,750000.00
,JK Scott\ScotJK00,P,GNB,750000.00
,Chase Edmonds\EdmoCh00,RB,ARI,750000.00
,Cameron Johnston\JohnCa02,P,PHI,750000.00
,Will Richardson\RichWi01,OT,JAX,750000.00
,Gus Edwards\EdwaGu00,RB,BAL,750000.00
,Sam Darnold\DarnSa00,QB,NYJ,750000.00
,Orlando Brown Jr.\BrowOr00,OT,BAL,750000.00
,Corn Elder\EldeCo00,CB,CAR,750000.00
,Aaron Stinnie\StinAa00,G,TAM,750000.00
,Ifeadi Odenigbo\OdenIf00,DE,MIN,750000.00
,Taron Johnson\JohnTa01,CB,BUF,750000.00
,Stephen Anderson\AndeSt01,TE,LAC,750000.00
,Kenny Young\YounKe03,LB,LAR,750000.00
,Troy Apke\ApkeTr00,S,WAS,750000.00
,Dennis Gardeck\GardDe01,LB,ARI,750000.00
,Tyler Conklin\ConkTy00,TE,MIN,750000.00
,Michael Dickson\DickMi00,P,SEA,750000.00
,Nick Mullens\MullNi00,QB,SFO,750000.00
,Tim Boyle\BoylTi00,QB,GNB,750000.00
,Damion Ratley\RatlDa00,WR,NYG,750000.00
,Charvarius Ward\WardCh01,DB,KAN,750000.00
,Will Redmond\RedmWi00,CB,GNB,750000.00
,Zach Pascal\PascZa00,WR,IND,750000.00
,Tre'Quan Smith\SmitTr03,WR,NOR,750000.00
,Evan Brown\BrowEv00,C,2TM,750000.00
,Deadrin Senat\SenaDe00,DT,ATL,750000.00
,Mo Alie-Cox\AlieMo00,TE,IND,750000.00
,Jaydon Mickens\MickJa01,WR,TAM,750000.00
,Darius Phillips\PhilDa02,CB,CIN,750000.00
,Joseph Noteboom\NoteJo00,OT,LAR,750000.00
,Dorian O'Daniel\ODanDo00,OLB,KAN,750000.00
,Andrew Wylie\WyliAn00,T,KAN,750000.00
,Zach Sieler\SielZa00,DE,MIA,750000.00
,Tre Herndon\HernTr00,CB,JAX,750000.00
,Tae Davis\DaviTa00,LB,CLE,750000.00
,Tarvarius Moore\MoorTa00,S,SFO,750000.00
,DaeSean Hamilton\HamiDa01,WR,DEN,750000.00
,Foyesade Oluokun\OluoFo00,S,ATL,750000.00
,Matt Dickerson\DickMa00,DE,TEN,750000.00
,Logan Cooke\CookLo00,P,JAX,750000.00
,Auden Tate\TateAu00,WR,CIN,750000.00
,Will Dissly\DissWi00,TE,SEA,750000.00
,Ito Smith\SmitIt00,RB,ATL,750000.00
,Jaylen Samuels\SamuJa00,RB,PIT,750000.00
,Daniel Carlson\CarlDa00,K,LVR,750000.00
,Keion Crossen\CrosKe00,CB,HOU,750000.00
,Marcell Harris\HarrMa03,S,SFO,750000.00
,Durham Smythe\SmytDu00,TE,MIA,750000.00
,Boston Scott\ScotBo02,RB,PHI,750000.00
,Quenton Nelson\NelsQu00,OG,IND,750000.00
,Poona Ford\FordPo00,DT,SEA,750000.00
,Alexander Johnson\JohnAl01,LB,DEN,750000.00
,Chad Beebe\BeebCh00,WR,MIN,750000.00
,Pat O'Connor\OConPa00,DE,TAM,750000.00
,Kyzir White\WhitKy00,S,LAC,750000.00
,Trent Sieg\SiegTr00,LS,LVR,750000.00
,Chris Herndon\HernCh00,TE,NYJ,750000.00
,Isaac Yiadom\YiadIs00,CB,NYG,750000.00
,Harvey Langi\LangHa00,ILB,NYJ,750000.00
,Josh Sweat\SweaJo00,DE,PHI,750000.00
,Dorance Armstrong Jr.\ArmsDo00,DE,DAL,750000.00
,J.C. Jackson\JackJ.00,DB,NWE,750000.00
,Da'Shawn Hand\HandDa00,DE,DET,750000.00
,Shaun Dion Hamilton\DionSh00,LB,WAS,750000.00
,Wyatt Teller\TellWy00,OG,CLE,750000.00
,Sebastian Joseph\JoseSe00,DT,LAR,750000.00
,Craig James\JameCr01,CB,PHI,750000.00
1194,Cordrea Tankersley\TankCo00,CB,MIN,749000.00
1195,Drew Sample\SampDr00,TE,CIN,745286.00
1196,Miles Sanders\SandMi01,RB,PHI,738647.00
1197,David Sharpe\SharDa02,OT,WAS,735000.00
,Joshua Dobbs\DobbJo00,QB,PIT,735000.00
,Ryan Glasgow\GlasRy00,DT,NOR,735000.00
,Danny Isidora\IsidDa00,OG,KAN,735000.00
1201,Matt Pryor\PryoMa00,OT,PHI,732353.00
1202,Lonnie Johnson Jr.\JohnLo01,CB,HOU,731575.00
1203,James Ferentz\FereJa00,C,NWE,727941.00
1204,Max Scharping\SchaMa01,OT,HOU,725368.00
1205,Mecole Hardman\HardMe00,WR,KAN,722048.00
1206,JJ Arcega-Whiteside\ArceJJ00,WR,PHI,720056.00
1207,Trysten Hill\HillTr00,DL,DAL,716362.00
1208,Parris Campbell\CampPa00,WR,IND,712088.00
1209,Nasir Adderley\AddeNa00,S,LAC,710096.00
1210,Taylor Rapp\RappTa00,S,LAR,707441.00
1211,Kamalei Correa\CorrKa00,OLB,2TM,705888.00
,Mason Schreck\SchrMa00,TE,CIN,705888.00
,Pharaoh Brown\BrowPh01,TE,HOU,705888.00
,Jerald Hawkins\HawkJe00,OT,PIT,705888.00
1215,Le'Veon Bell\BellLe00,RB,2TM,705882.00
,Kalen Ballage\BallKa00,RB,2TM,705882.00
1217,Andy Isabella\IsabAn00,WR,ARI,705450.00
1218,Juan Thornhill\ThorJu00,S,KAN,704785.00
1219,D.K. Metcalf\MetcDK00,WR,SEA,703457.00
1220,KhaDarel Hodge\HodgKh00,WR,CLE,697059.00
,Levi Wallace\WallLe00,CB,BUF,697059.00
1222,Carl Davis\DaviCa01,DT,NWE,695882.00
,James Hurst\HursJa00,OT,NOR,695882.00
,Jonathan Bullard\BullJo00,DE,SEA,695882.00
,Jamar Taylor\TaylJa01,CB,SFO,695882.00
,Ken Crawley\CrawKe02,DB,NOR,695882.00
,DeAndre Washington\WashDe00,RB,2TM,695882.00
,Joshua Garnett\GarnJo00,OG,WAS,695882.00
,Eric Tomlinson\TomlEr01,TE,2TM,695882.00
1230,Caraun Reid\ReidCa00,DT,JAX,695877.00
1231,Zach Allen\AlleZa01,DL,ARI,690171.00
1232,Diontae Johnson\JohnDi01,WR,PIT,689589.00
1233,Darrell Henderson\HendDa00,RB,LAR,686916.00
1234,Dre'Mont Jones\JoneDr00,DL,DEN,685400.00
1235,Germaine Pratt\PratGe00,LB,CIN,684555.00
1236,David Montgomery\MontDa01,RB,CHI,684136.00
1237,Terry McLaurin\McLaTe00,WR,WAS,681451.00
1238,Chase Winovich\WinoCh00,EDGE,NWE,681000.00
1239,Michael Deiter\DeitMi00,OL,MIA,680328.00
1240,Richie James\JameRi00,WR,SFO,679416.00
1241,Jared Norris\NorrJa00,ILB,WAS,679412.00
,Margus Hunt\HuntMa00,DE,2TM,679412.00
,Justin Jones\JoneJu03,DT,LAC,679412.00
,Austin Calitro\CaliAu00,LB,DEN,679412.00
,Jabaal Sheard\SheaJa00,DL,2TM,679412.00
,Alex Redmond\RedmAl01,G,CIN,679412.00
1247,David Long\LongDa02,CB,LAR,677776.00
1248,Xavier Crawford\CrawXa00,CB,CHI,675000.00
,Cody Barton\BartCo00,LB,SEA,675000.00
,Trace McSorley\McSoTr00,QB,BAL,675000.00
,Diontae Spencer\SpenDi00,WR,DEN,675000.00
,Jakobi Meyers\MeyeJa01,WR,NWE,675000.00
,Nsimba Webster\WebsNs00,WR,LAR,675000.00
,D'Ernest Johnson\JohnDE04,RB,CLE,675000.00
,Storm Norton\NortSt00,OT,LAC,675000.00
,Micah Kiser\KiseMi00,ILB,LAR,675000.00
,Easton Stick\SticEa00,QB,LAC,675000.00
,Jakob Johnson\JohnJa12,FB,NWE,675000.00
,Duke Shelley\ShelDu00,CB,CHI,675000.00
,Jacob Tuioti-Mariner\TuioJa00,DT,ATL,675000.00
,Kentavius Street\StreKe00,DT,SFO,675000.00
,Nate Herbig\HerbNa01,G,PHI,675000.00
,Shy Tuttle\TuttSh00,DL,NOR,675000.00
,Patrick Laird\LairPa00,RB,MIA,675000.00
,Khari Blasingame\BlasKh00,RB,TEN,675000.00
,Jason Moore\MoorJa02,WR,LAC,675000.00
,Patrick Morris\MorrPa00,C,DEN,675000.00
,Joey Slye\SlyeJo00,K,CAR,675000.00
,T.J. Hockenson\HockTJ00,TE,DET,675000.00
,Sam Ficken\FickSa00,K,NYJ,675000.00
,Trayveon Williams\WillTr06,RB,CIN,675000.00
,Chandler Cox\CoxxCh01,RB,MIA,675000.00
,Andre James\JameAn01,T,LVR,675000.00
,Cedrick Wilson Jr.\WilsCe01,WR,DAL,675000.00
,Amani Hooker\HookAm00,S,TEN,675000.00
,Mack Wilson\WilsMa03,LB,CLE,675000.00
,Kingsley Keke\KekeKi00,DL,GNB,675000.00
,Dennis Daley\DaleDe00,OL,CAR,675000.00
,Marcus Kemp\KempMa00,WR,2TM,675000.00
,E.J. Speed\SpeeEJ00,LB,IND,675000.00
,Jaeden Graham\GrahJa01,TE,ATL,675000.00
,Chuma Edoga\EdogCh00,OL,NYJ,675000.00
,Darryl Johnson\JohnDa10,DE,BUF,675000.00
,Riley Ridley\RidlRi00,WR,CHI,675000.00
,Josh Woods\WoodJo02,LB,CHI,675000.00
,Samuel Eguavoen\EguaSa00,LB,MIA,675000.00
,Jaquan Johnson\JohnJa11,CB,BUF,675000.00
,Daniel Brunskill\BrunDa00,OT,SFO,675000.00
,Azeez Al-Shaair\AlShAz00,LB,SFO,675000.00
,Calvin Anderson\AndeCa00,T,DEN,675000.00
,Rico Gafford\GaffRi00,WR,LVR,675000.00
,Nate Davis\DaviNa01,OL,TEN,675000.00
,Ben Burr-Kirven\BurrBe00,LB,SEA,675000.00
,Bobby Evans\EvanBo00,OL,LAR,675000.00
,John Cominsky\ComiJo00,DE,ATL,675000.00
,Qadree Ollison\OlliQa00,RB,ATL,675000.00
,Jamarco Jones\JoneJa08,OT,SEA,675000.00
,Kris Boyd\BoydKr00,CB,MIN,675000.00
,Jamie Gillan\GillJa00,P,CLE,675000.00
,Kyler Murray\MurrKy00,QB,ARI,675000.00
,Travis Homer\HomeTr00,RB,SEA,675000.00
,Alex Bars\BarsAl01,T,CHI,675000.00
,Anthony Nelson\NelsAn01,DL,TAM,675000.00
,Josh Watson\WatsJo00,LB,DEN,675000.00
,Mitch Wishnowsky\WishMi00,P,SFO,675000.00
,Emeke Egbule\EgbuEm00,LB,LAC,675000.00
,Coleman Shelton\ShelCo00,C,LAR,675000.00
,Trey Pipkins\PipkTr00,OT,LAC,675000.00
,Bryan Mone\MoneBr00,DT,SEA,675000.00
,Christian Blake\BlakCh00,WR,ATL,675000.00
,Olamide Zaccheaus\ZaccOl01,WR,ATL,675000.00
,Dan Skipper\SkipDa00,OT,DET,675000.00
,Ryan Connelly\ConnRy00,LB,MIN,675000.00
,Sione Takitaki\TakiSi00,LB,CLE,675000.00
,Darius Slayton\SlayDa01,WR,NYG,675000.00
,Dru Samia\SamiDr00,OL,MIN,675000.00
,Cullen Gillaspia\GillCu00,RB,HOU,675000.00
,Calvin Munson\MunsCa00,OLB,MIA,675000.00
,Cody Hollister\HollCo00,WR,TEN,675000.00
,Greg Ward\WardGr02,WR,PHI,675000.00
,J.P. Holtz\HoltJ.01,TE,CHI,675000.00
,Ryan Nall\NallRy00,RB,CHI,675000.00
,Jalen Thompson\ThomJa04,,ARI,675000.00
,Nik Needham\NeedNi00,DB,MIA,675000.00
,David Long\LongDa04,LB,TEN,675000.00
,Andrew Brown\BrowAn05,DE,2TM,675000.00
,Nick Scott\ScotNi01,S,LAR,675000.00
,Mike Edwards\EdwaMi01,S,TAM,675000.00
,Jace Sternberger\SterJa00,TE,GNB,675000.00
,Isaiah Johnson\JohnIs02,CB,LVR,675000.00
,Raven Greene\GreeRa02,S,GNB,675000.00
,Devin White\WhitDe02,LB,TAM,675000.00
,KeeSean Johnson\JohnKe07,WR,ARI,675000.00
,Isaiah Buggs\BuggIs00,DL,PIT,675000.00
,Kaden Elliss\ElliKa00,LB,NOR,675000.00
,Ty Johnson\JohnTy02,RB,2TM,675000.00
,Jordan Simmons\SimmJo00,G,SEA,675000.00
,Ben Powers\PoweBe00,OL,BAL,675000.00
,Jalen Guyton\GuytJa01,WR,LAC,675000.00
,Bobby Okereke\OkerBo00,LB,IND,675000.00
,Devin Singletary\SingDe00,RB,BUF,675000.00
,Jimmy Moreland\MoreJi00,CB,WAS,675000.00
,James Vaughters\VaugJa01,LB,CHI,675000.00
,Justice Hill\HillJu00,RB,BAL,675000.00
,Jaylon Ferguson\FergJa02,DE,BAL,675000.00
,Michael Jordan\JordMi01,OL,CIN,675000.00
,Deonte Harris\HarrDe07,WR,NOR,675000.00
,Brandon Watson\WatsBr01,DB,JAX,675000.00
,Austin Cutting\CuttAu00,LS,MIN,675000.00
,Benny Snell Jr.\SnelBe00,,PIT,675000.00
,Patrick Mekari\MekaPa00,G,BAL,675000.00
,Dakota Allen\AlleDa01,LB,JAX,675000.00
,Fred Johnson\JohnFr01,G,CIN,675000.00
,Kendall Sheffield\ShefKe00,CB,ATL,675000.00
,Zach Triner\TrinZa00,LS,TAM,675000.00
,Porter Gustin\GustPo01,LB,CLE,675000.00
,C.J. Moore\MoorCJ01,DB,DET,675000.00
,Alex Singleton\SingAl00,LB,PHI,675000.00
,Byron Pringle\PrinBy00,WR,KAN,675000.00
,Foster Moreau\MoreFo00,TE,LVR,675000.00
,Daniel Jones\JoneDa05,QB,NYG,675000.00
,Charles Omenihu\OmenCh00,DL,HOU,675000.00
,Zach Gentry\GentZa00,TE,PIT,675000.00
,Shaq Calhoun\CalhSh01,G,CIN,675000.00
,Cole Holcomb\HolcCo00,LB,WAS,675000.00
,Stephen Carlson\CarlSt00,TE,CLE,675000.00
,Sheldrick Redwine\RedwSh00,S,CLE,675000.00
,Deionte Thompson\ThomDe06,S,ARI,675000.00
,Jamal Perry\WiltJo01,DB,MIA,675000.00
,Keisean Nixon\NixoKe00,CB,LVR,675000.00
,Nick Allegretti\AlleNi00,G,KAN,675000.00
,Scott Miller\MillSc01,WR,TAM,675000.00
,Ross Pierschbacher\PierRo00,OL,PHI,675000.00
,Wes Martin\MartWe00,G,WAS,675000.00
,Chris Lammons\LammCh00,DB,KAN,675000.00
,Jamel Dean\DeanJa00,CB,TAM,675000.00
,Nick Gates\GateNi00,OT,NYG,675000.00
,Emmanuel Moseley\MoseEm00,CB,SFO,675000.00
,Justin Layne\LaynJu00,CB,PIT,675000.00
,Joe Jackson\JackJo02,EDGE,CLE,675000.00
,Amani Oruwariye\OruwAm00,CB,DET,675000.00
,Quinnen Williams\WillQu00,DL,NYJ,675000.00
,Jake Bailey\BailJa00,P,NWE,675000.00
,Austin Schlottmann\SchlAu00,G,DEN,675000.00
,Troy Reeder\ReedTr01,LB,LAR,675000.00
,Hunter Renfrow\RenfHu00,WR,LVR,675000.00
,David Edwards\EdwaDa01,OL,LAR,675000.00
,Marcus Allen\AlleMa03,S,PIT,675000.00
,Ethan Greenidge\GreeEt00,OL,NOR,675000.00
,Jordan Mailata\MailJo00,T,PHI,675000.00
,Alec Ingold\IngoAl01,FB,LVR,675000.00
,Tony Pollard\PollTo00,RB,DAL,675000.00
,Greg Gaines\GainGr00,DL,LAR,675000.00
,Marcus Epps\EppsMa00,S,PHI,675000.00
,Chauncey Gardner-Johnson\GardCh00,S,NOR,675000.00
,Alexander Mattison\MattAl01,RB,MIN,675000.00
,Reggie Bonnafon\BonnRe00,RB,CAR,675000.00
,Cole Mazza\MazzCo01,LS,LAC,675000.00
,Luke Gifford\GiffLu00,LB,DAL,675000.00
,Rashad Fenton\FentRa00,CB,KAN,675000.00
,Ryan Finley\FinlRy00,QB,CIN,675000.00
,Ka'dar Hollman\HollKa00,CB,GNB,675000.00
,Corey Ballentine\BallCo00,CB,2TM,675000.00
,Donovan Wilson\WilsDo01,S,DAL,675000.00
,Darwin Thompson\ThomDa06,RB,KAN,675000.00
,Malik Reed\ReedMa01,LB,DEN,675000.00
,Cortez Broughton\BrouCo00,DL,LAC,675000.00
,Will Harris\HarrWi02,S,DET,675000.00
,Nate Meadors\MeadNa00,DB,MIN,675000.00
,Armon Watts\WattAr01,DL,MIN,675000.00
,Julian Love\LoveJu00,CB,NYG,675000.00
,Robert Spillane\SpilRo00,LB,PIT,675000.00
,Carl Granderson\GranCa01,DE,NOR,675000.00
,Yosuah Nijman\NijmYo01,T,GNB,675000.00
,Kyle Allen\AlleKy00,QB,WAS,675000.00
,Dre Greenlaw\GreeDr00,LB,SFO,675000.00
,Jarrett Stidham\StidJa00,QB,NWE,675000.00
,Derick Roberson\RobeDe01,DE,TEN,675000.00
,Ugo Amadi\AmadUg00,S,SEA,675000.00
,Steven Mitchell\MitcSt02,WR,HOU,675000.00
,Olabisi Johnson\JohnOl00,WR,MIN,675000.00
,Dare Ogunbowale\OgunDa00,RB,JAX,675000.00
,Lamont Gaillard\GailLa00,OL,ARI,675000.00
,Ty Summers\SummTy00,LB,GNB,675000.00
,Andrew Van Ginkel\VanGAn00,LB,MIA,675000.00
,Justin Skule\SkulJu00,OT,SFO,675000.00
,Khari Willis\WillKh00,S,IND,675000.00
,Blessuan Austin\AustBl00,CB,NYJ,675000.00
,Miles Boykin\BoykMi00,WR,BAL,675000.00
,Kaden Smith\SmitKa00,TE,NYG,675000.00
1431,Javon Wims\WimsJa00,WR,CHI,661770.00
,Tremon Smith\SmitTr04,,IND,661770.00
,Malik Jefferson\JeffMa00,OLB,LAC,661770.00
,Kyle Fuller\FullKy01,C,SEA,661770.00
1435,Daniel Ross\RossDa02,DT,2TM,661769.00
1436,Vyncint Smith\SmitVy00,WR,NYJ,661767.00
1437,Ryan Lewis\LewiRy01,DB,NYG,661765.00
,Jordan Thomas\ThomJo05,TE,2TM,661765.00
,Hardy Nickerson\NickHa02,ILB,MIN,661765.00
,C.J. Prosise\ProsC.00,RB,HOU,661765.00
,Jeremy McNichols\McNiJe00,RB,TEN,661765.00
,Josh Malone\MaloJo00,WR,NYJ,661765.00
1443,Kevin Toliver\ToliKe00,DB,DEN,660000.00
,Eric Smith\SmitEr00,OG,DAL,660000.00
,D.J. Reed\ReedD.00,CB,SEA,660000.00
,Troy Fumagalli\FumaTr00,TE,DEN,660000.00
,Woodrow Hamilton\HamiWo00,DL,CAR,660000.00
,Jamal Carter\CartJa02,S,ATL,660000.00
,Natrell Jamerson\JameNa00,FS,CAR,660000.00
,Garrett Gilbert\GilbGa01,QB,DAL,660000.00
,Jaleel Scott\ScotJa02,WR,NYJ,660000.00
,Chad Wheeler\WheeCh00,OT,SEA,660000.00
,Deante Burton\BurtDe00,WR,DAL,660000.00
,Garrett Griffin\GrifGa00,TE,NOR,660000.00
1455,Kahale Warring\WarrKa00,TE,HOU,658252.00
1456,Connor McGovern\McGoCo01,OL,DAL,657000.00
1457,Byron Cowart\CowaBy00,DL,NWE,645588.00
1458,Mike Ford\FordMi01,CB,DET,644120.00
1459,Matthew Adams\AdamMa00,LB,IND,644118.00
,Rasheem Green\GreeRa01,DT,SEA,644118.00
1461,Ross Cockrell\CockRo00,CB,TAM,642353.00
,Kyle Emanuel\EmanKy00,OLB,2TM,642353.00
,Xavier Williams\WillXa00,DT,2TM,642353.00
1464,Daurice Fountain\FounDa00,WR,IND,635296.00
,Austin Seibert\SeibAu00,K,2TM,635296.00
1466,Damien Harris\HarrDa06,RB,NWE,630882.00
,Deon Lacey\LaceDe00,LB,BUF,630882.00
,Taywan Taylor\TaylTa00,WR,CLE,630882.00
,Gunner Olszewski\OlszGu00,WR,NWE,630882.00
1470,Dontrell Hilliard\HillDo00,RB,2TM,617652.00
1471,Shaquem Griffin\GrifSh01,OLB,SEA,617647.00
,Taybor Pepper\PeppTa00,LS,SFO,617647.00
1473,Equanimeous St. Brown\St.BEq00,WR,GNB,616176.00
,Quincy Williams\WillQu01,,JAX,616176.00
,Steven Sims\SimsSt00,WR,WAS,616176.00
1476,Khalid Kareem\KareKh00,DL,CIN,610000.00
,Joe Reed\ReedJo03,WR,LAC,610000.00
,Donovan Peoples-Jones\PeopDo00,WR,CLE,610000.00
,Matt Nelson\NelsMa00,T,DET,610000.00
,DeeJay Dallas\DallDe00,RB,SEA,610000.00
,Derrick Brown\BrowDe05,DL,CAR,610000.00
,Bryan Edwards\EdwaBr01,WR,LVR,610000.00
,Solomon Kindley\KindSo00,OL,MIA,610000.00
,Mekhi Becton\BectMe00,OL,NYJ,610000.00
,Logan Woodside\WoodLo00,QB,TEN,610000.00
,Justin Madubuike\MaduJu00,DL,BAL,610000.00
,Chase Claypool\ClayCh01,WR,PIT,610000.00
,Isaiah Wright\WrigIs01,WR,WAS,610000.00
,Raekwon Davis\DaviRa03,DL,MIA,610000.00
,Joe Burrow\BurrJo01,QB,CIN,610000.00
,John Simpson\SimpJo00,OL,LVR,610000.00
,Jeff Okudah\OkudJe00,CB,DET,610000.00
,Arlington Hambright\HambAr00,OT,CHI,610000.00
,Jonathan Garvin\GarvJo00,DL,GNB,610000.00
,Ben DiNucci\DiNuBe00,QB,DAL,610000.00
,Doug Costin\CostDo00,DT,JAX,610000.00
,Reggie Gilliam\GillRe00,TE,BUF,610000.00
,Larrell Murchison\MurcLa00,DL,TEN,610000.00
,K'Von Wallace\WallKV00,S,PHI,610000.00
,Jeff Gladney\GladJe00,CB,MIN,610000.00
,Colin Thompson\ThomCo03,TE,CAR,610000.00
,Jordyn Brooks\BrooJo01,LB,SEA,610000.00
,Ben Bartch\BartBe00,OL,JAX,610000.00
,McTelvin Agim\AgimMc00,DL,DEN,610000.00
,Jerry Jeudy\JeudJe00,WR,DEN,610000.00
,Vernon Scott\ScotVe00,S,GNB,610000.00
,Zack Baun\BaunZa00,LB,NOR,610000.00
,Malcolm Perry\PerrMa00,WR,MIA,610000.00
,Leki Fotu\FotuLe00,DL,ARI,610000.00
,Sam Franklin\FranSa00,OLB,CAR,610000.00
,Ashtyn Davis\DaviAs00,S,NYJ,610000.00
,Braden Mann\MannBr01,P,NYJ,610000.00
,Chris Streveler\StreCh00,QB,ARI,610000.00
,Noah Igbinoghene\IgbiNo00,CB,MIA,610000.00
,Tyler Biadasz\BiadTy00,OL,DAL,610000.00
,Alton Robinson\RobiAl03,DL,SEA,610000.00
,Justin Herbert\HerbJu00,QB,LAC,610000.00
,Rodrigo Blankenship\BlanRo03,K,IND,610000.00
,Sam Sloman\SlomSa00,K,2TM,610000.00
,AJ Dillon\DillAJ00,RB,GNB,610000.00
,Marquez Callaway\CallMa01,WR,NOR,610000.00
,Ben Bredeson\BredBe00,OL,BAL,610000.00
,Logan Wilson\WilsLo00,LB,CIN,610000.00
,Nick Keizer\KeizNi00,TE,KAN,610000.00
,Stantley Thomas-Oliver\ThomSt00,CB,CAR,610000.00
,Cam Brown\BrowCa01,LB,NYG,610000.00
,Marcus Baugh\BaugMa02,TE,WAS,610000.00
,Noah Togiai\TogiNo00,TE,IND,610000.00
,Akeem Davis-Gaither\DaviAk01,LB,CIN,610000.00
,Casey Toohill\ToohCa00,LB,2TM,610000.00
,Robert Hunt\HuntRo01,OL,MIA,610000.00
,Quinton Bell\BellQu00,DE,TAM,610000.00
,Gabriel Davis\DaviGa01,WR,BUF,610000.00
,Tyler Davis\DaviTy02,TE,JAX,610000.00
,Freddie Swain\SwaiFr00,WR,SEA,610000.00
,John Hightower\HighJo00,WR,PHI,610000.00
,Ke'Shawn Vaughn\VaugKe00,RB,TAM,610000.00
,K.J. Hill\HillKJ00,WR,LAC,610000.00
,KJ Hamler\HamlKJ00,WR,DEN,610000.00
,Michael Onwenu\OnweMi00,OL,NWE,610000.00
,Trevon Diggs\DiggTr00,CB,DAL,610000.00
,Davion Taylor\TaylDa01,LB,PHI,610000.00
,Randy Ramsey\RamsRa00,LB,GNB,610000.00
,Kevin Givens\GiveKe01,DT,SFO,610000.00
,Andrew Thomas\ThomAn02,OL,NYG,610000.00
,Van Jefferson\JeffVa00,WR,LAR,610000.00
,John Reid\ReidJo00,CB,HOU,610000.00
,Joshua Kelley\KellJo01,RB,LAC,610000.00
,K'Lavon Chaisson\ChaiKL00,LB,JAX,610000.00
,J.C. Hassenauer\HassJ.00,C,PIT,610000.00
,Jake Luton\LutoJa00,QB,JAX,610000.00
,D.J. Wonnum\WonnDJ00,DL,MIN,610000.00
,Amik Robertson\RobeAm00,CB,LVR,610000.00
,C.J. Henderson\HendCJ00,CB,JAX,610000.00
,Jacob Phillips\PhilJa01,LB,CLE,610000.00
,Tremayne Anchrum\AnchTr00,OL,LAR,610000.00
,Danny Pinter\PintDa00,OL,IND,610000.00
,Neville Gallimore\GallNe00,DL,DAL,610000.00
,Alex Highsmith\HighAl02,DL,PIT,610000.00
,James Proche\ProcJa00,WR,BAL,610000.00
,Tua Tagovailoa\TagoTu00,QB,MIA,610000.00
,Jon Runyan\RunyJo00,OL,GNB,610000.00
,Devin Asiasi\AsiaDe00,TE,NWE,610000.00
,Zack Moss\MossZa00,RB,BUF,610000.00
,Phillip Walker\WalkPh00,QB,CAR,610000.00
,Trevis Gipson\GipsTr00,DL,CHI,610000.00
,Kenneth Murray\MurrKe00,LB,LAC,610000.00
,Kyle Dugger\DuggKy00,S,NWE,610000.00
,Broderick Washington Jr.\WashBr01,DL,BAL,610000.00
,Hakeem Adeniji\AdenHa00,OL,CIN,610000.00
,John Penisini\PeniJo00,DL,DET,610000.00
,Derrick Kelly\KellDe01,T,NOR,610000.00
,Quintez Cephus\CephQu00,WR,DET,610000.00
,Anfernee Jennings\JennAn00,LB,NWE,610000.00
,Josiah Scott\ScotJo00,CB,JAX,610000.00
,Tristan Wirfs\WirfTr00,OL,TAM,610000.00
,Dan Chisena\ChisDa00,WR,MIN,610000.00
,Collin Johnson\JohnCo01,WR,JAX,610000.00
,Jack Fox\FoxxJa01,P,DET,610000.00
,John Wolford\WolfJo00,QB,LAR,610000.00
,Hjalte Froholdt\FrohHj00,OL,NWE,610000.00
,Cassh Maluia\MaluCa00,LB,NWE,610000.00
,Tyrie Cleveland\ClevTy00,WR,DEN,610000.00
,Tyree St. Louis\StLoTy01,T,LAC,610000.00
,Bradlee Anae\AnaeBr00,DL,DAL,610000.00
,Tyler Johnson\JohnTy00,WR,TAM,610000.00
,Ross Blacklock\BlacRo00,DL,HOU,610000.00
,James Robinson\RobiJa00,RB,JAX,610000.00
,Keith Ismael\IsmaKe00,OL,WAS,610000.00
,Tee Higgins\HiggTe00,WR,CIN,610000.00
,D'Andre Swift\SwifDA00,RB,DET,610000.00
,Cesar Ruiz\RuizCe00,OL,NOR,610000.00
,Patrick Queen\QueePa00,LB,BAL,610000.00
,Kindle Vildor\VildKi00,CB,CHI,610000.00
,Jonah Jackson\JackJo03,OL,DET,610000.00
,K.J. Osborn\OsboKJ00,WR,MIN,610000.00
,Blake Ferguson\FergBl00,LS,MIA,610000.00
,J.K. Dobbins\DobbJK00,RB,BAL,610000.00
,Mykal Walker\WalkMy00,LB,ATL,610000.00
,Malik Taylor\TaylMa01,WR,GNB,610000.00
,Tevaughn Campbell\CampTe00,DB,LAC,610000.00
,James Smith-Williams\SmitJa08,DL,WAS,610000.00
,Markus Bailey\BailMa01,LB,CIN,610000.00
,Darnay Holmes\HolmDa01,CB,NYG,610000.00
,Dezmon Patmon\PatmDe00,WR,IND,610000.00
,Demetrius Flannigan-Fowles\FlanDe00,DB,SFO,610000.00
,Nick Harris\HarrNi01,OL,CLE,610000.00
,Penny Hart\HartPe01,WR,SEA,610000.00
,Cam Akers\AkerCa00,RB,LAR,610000.00
,La'Mical Perine\PeriLa00,RB,NYJ,610000.00
,Jeremy Chinn\ChinJe00,S,CAR,610000.00
,Javon Kinlaw\KinlJa00,DL,SFO,610000.00
,Jonathan Greenard\GreeJo04,DL,HOU,610000.00
,Cole Kmet\KmetCo00,TE,CHI,610000.00
,Ezra Cleveland\ClevEz00,OL,MIN,610000.00
,Jordan Elliott\ElliJo02,DL,CLE,610000.00
,Isaiah Simmons\SimmIs00,LB,ARI,610000.00
,Julian Blackmon\BlacJu01,S,IND,610000.00
,Michael Ojemudia\OjemMi00,CB,DEN,610000.00
,Brandon Jones\JoneBr06,S,MIA,610000.00
,Chris Jackson\JackCh01,S,TEN,610000.00
,DaVon Hamilton\HamiDa02,DL,JAX,610000.00
,Josh Jones\JoneJo07,OL,ARI,610000.00
,Shane Lemieux\LemiSh00,OL,NYG,610000.00
,Kevin Dotson\DotsKe00,OL,PIT,610000.00
,Damien Lewis\LewiDa05,OL,SEA,610000.00
,Jordan Glasgow\GlasJo00,LB,IND,610000.00
,Jack Driscoll\DrisJa00,OL,PHI,610000.00
,Maxx Crosby\CrosMa00,EDGE,LVR,610000.00
,Daniel Thomas\ThomDa07,S,JAX,610000.00
,Justin Jefferson\JeffJu00,WR,MIN,610000.00
,Brycen Hopkins\HopkBr01,TE,LAR,610000.00
,Krys Barnes\BarnKr00,LB,GNB,610000.00
,Malik Harrison\HarrMa06,LB,BAL,610000.00
,Matt Peart\PearMa00,OL,NYG,610000.00
,Devin Duvernay\DuveDe00,WR,BAL,610000.00
,Kamren Curl\CurlKa00,S,WAS,610000.00
,Tyler Bass\BassTy00,K,BUF,610000.00
,Brandon Aiyuk\AiyuBr00,WR,SFO,610000.00
,Charlie Woerner\WoerCh00,TE,SFO,610000.00
,Logan Stenberg\StenLo00,OL,DET,610000.00
,Carlos Davis\DaviCa03,DL,PIT,610000.00
,Jalen Hurts\HurtJa00,QB,PHI,610000.00
,Matt Hennessy\HennMa00,OL,ATL,610000.00
,Khalil Davis\DaviKh00,DL,TAM,610000.00
,Jason Strowbridge\StroJa02,DL,MIA,610000.00
,Chase Young\YounCh04,DL,WAS,610000.00
,Kendal Vickers\VickKe00,DE,LVR,610000.00
,Raymond Calais\CalaRa00,RB,LAR,610000.00
,Harrison Hand\HandHa00,CB,MIN,610000.00
,Jonathan Taylor\TaylJo02,RB,IND,610000.00
,Sterling Hofrichter\HofrSt00,P,ATL,610000.00
,AJ Terrell\TerrAJ00,CB,ATL,610000.00
,Netane Muti\MutiNe00,OL,DEN,610000.00
,Colton McKivitz\McKiCo00,OL,SFO,610000.00
,Khaleke Hudson\HudsKh00,LB,WAS,610000.00
,Jaylinn Hawkins\HawkJa00,S,ATL,610000.00
,Clyde Edwards-Helaire\EdwaCl00,RB,KAN,610000.00
,James Lynch\LyncJa00,DL,MIN,610000.00
,Cameron Dantzler\DantCa00,CB,MIN,610000.00
,Charlie Heck\HeckCh00,OL,HOU,610000.00
,Adam Trautman\TrauAd00,TE,NOR,610000.00
,Chris Claybrooks\ClayCh02,CB,JAX,610000.00
,Jaylon Johnson\JohnJa13,CB,CHI,610000.00
,Harrison Bryant\BryaHa00,TE,CLE,610000.00
,Jachai Polite\PoliJa00,EDGE,LAR,610000.00
,Darnell Mooney\MoonDa00,WR,CHI,610000.00
,A.J. Epenesa\EpenAJ00,DL,BUF,610000.00
,CeeDee Lamb\LambCe00,WR,DAL,610000.00
,Isaiah Rodgers\RodgIs00,CB,IND,610000.00
,Bravvion Roy\RoyxBr00,DT,CAR,610000.00
,Antonio Gibson\GibsAn00,RB,WAS,610000.00
,D'Andre Walker\WalkDA02,EDGE,SEA,610000.00
,Carter Coughlin\CougCa00,LB,NYG,610000.00
,J.J. Taylor\TaylJJ01,RB,NWE,610000.00
,Alohi Gilman\GilmAl00,S,LAC,610000.00
,Shaun Bradley\BradSh00,LB,PHI,610000.00
1678,Dane Cruikshank\CruiDa00,CB,TEN,608827.00
,Holton Hill\HillHo00,CB,MIN,608827.00
1680,Brett Rypien\RypiBr00,QB,DEN,595590.00
,Darrius Shepherd\ShepDa00,WR,GNB,595590.00
,DeShawn Williams\WillDe04,DT,DEN,595590.00
1683,Natrez Patrick\PatrNa00,LB,LAR,595588.00
,Tanner Hudson\HudsTa00,TE,TAM,595588.00
,Linden Stephens\StepLi00,CB,SEA,595588.00
,Keaton Sutherland\SuthKe00,G,CIN,595588.00
,Cam Sims\SimsCa00,WR,WAS,595588.00
1688,Martinas Rankin\RankMa00,OT,KAN,591180.00
1689,Billy Winn\WinnBi00,DT,GNB,588824.00
,Aaron Lynch\LyncAa00,DE,JAX,588824.00
,Damarious Randall\RandDa00,FS,SEA,588824.00
,Jordan Berry\BerrJo00,P,PIT,588824.00
,Kai Forbath\ForbKa00,K,LAR,588824.00
1694,Damontre Moore\MoorDa01,DE,SEA,588819.00
1695,Marlon Davidson\DaviMa01,DL,ATL,585294.00
1696,Noah Dawkins\DawkNo00,LB,NYJ,585000.00
,Justin Hollins\HollJu00,EDGE,LAR,585000.00
,Ken Webster\WebsKe00,CB,SFO,585000.00
,Tuzar Skipper\SkipTu00,LB,TEN,585000.00
,Jeremiah Ledbetter\LedbJe00,DT,TAM,585000.00
,Michael Dogbe\DogbMi00,DL,ARI,585000.00
,Caleb Wilson\WilsCa00,TE,PHI,585000.00
,Juwann Winfree\WinfJu00,WR,GNB,585000.00
,Hale Hentges\HentHa00,TE,MIN,585000.00
,Abdullah Anderson\AndeAb00,DT,MIN,585000.00
,Stanley Morgan Jr.\MorgSt02,WR,CIN,585000.00
,Joe Giles-Harris\GileJo01,LB,JAX,585000.00
,Ben Braden\BradBe00,OG,GNB,585000.00
,Alijah Holder\HoldAl01,DB,DEN,585000.00
,Tae Hayes\HayeTa00,DB,2TM,585000.00
,Jake Eldrenkamp\EldrJa00,OG,IND,585000.00
,Frank Herron\HerrFr00,DL,DET,585000.00
,C.J. Board\BoarC.00,WR,NYG,585000.00
,Fred Brown\BrowFr01,WR,DEN,585000.00
,Jordan Kunaszyk\KunaJo00,LB,WAS,585000.00
,Kevin Strong\StroKe00,DT,DET,585000.00
,Duke Williams\WillDu01,WR,BUF,585000.00
,Montrel Meander\MeanMo00,CB,CLE,585000.00
,Mike Love\LoveMi00,DE,BUF,585000.00
,Lil'Jordan Humphrey\HumpLi01,WR,NOR,585000.00
,Daniel Ekuale\EkuaDa00,DL,JAX,585000.00
,Dexter Williams\WillDe07,RB,GNB,585000.00
,Austin Larkin\LarkAu00,DE,CAR,585000.00
,Michael Jackson\JackMi01,CB,NWE,585000.00
,Tim Ward\WardTi00,DE,KAN,585000.00
,Evan Baylis\BaylEv00,TE,ARI,585000.00
,Beau Benzschawel\BenzBe01,G,HOU,585000.00
,Mazzi Wilkins\WilkMa00,DB,TAM,585000.00
,Deon Cain\CainDe00,WR,PIT,585000.00
1730,Marcus Johnson\JohnMa07,WR,IND,582353.00
,Isaiah Irving\IrviIs00,OLB,ARI,582353.00
1732,Nick Westbrook-Ikhine\WestNi00,WR,TEN,574118.00
,Asmar Bilal\BilaAs00,LB,LAC,574118.00
,Josh Metellus\MeteJo00,S,MIN,574118.00
,Javin White\WhitJa04,DB,LVR,574118.00
,Rashad Smith\SmitRa02,LB,PHI,574118.00
,Gabe Nabers\NabeGa00,RB,LAC,574118.00
1738,Derwin Gray\GrayDe01,OL,PIT,574112.00
,Amani Bledsoe\BledAm01,DE,CIN,574112.00
1740,Jeff Wilson\WilsJe01,RB,SFO,573532.00
,Genard Avery\AverGe00,LB,PHI,573532.00
1742,Michael Danna\DannMi00,DE,KAN,572941.00
,Yetur Gross-Matos\GrosYe00,DL,CAR,572941.00
1744,Jeff Smith\SmitJe03,WR,NYJ,572940.00
1745,Jalen Reagor\ReagJa00,WR,PHI,560588.00
,Del'Shawn Phillips\PhilDe00,LB,BUF,560588.00
,Blake Cashman\CashBl00,LB,NYJ,560588.00
,Austin Jackson\JackAu00,OL,MIA,560588.00
1749,Terrell Lewis\LewiTe00,LB,LAR,560587.00
,Isaiah Wilson\WilsIs00,OL,TEN,560587.00
,Quez Watkins\WatkQu00,WR,PHI,560587.00
1752,Preston Williams\WillPr01,WR,MIA,557354.00
1753,Austin Bryant\BryaAu00,EDGE,DET,557353.00
1754,Parry Nickerson\NickPa00,CB,GNB,555884.00
,Ogbonnia Okoronkwo\OkorOg00,DE,LAR,555884.00
,Dallin Leavitt\LeavDa00,S,LVR,555884.00
,Anthony Averett\AverAn00,CB,BAL,555884.00
1758,Dwayne Harris\HarrDw00,WR,CHI,555882.00
,Ryan Allen\AlleRy01,P,2TM,555882.00
,Travis Fulgham\FulgTr00,WR,PHI,555882.00
,Daniel Helm\HelmDa01,TE,SFO,555882.00
,Ryan Neal\NealRy00,DB,SEA,555882.00
,Darius Harris\HarrDa07,LB,KAN,555882.00
,Jordan Miller\MillJo05,CB,ATL,555882.00
1765,Andrew Beck\BeckAn01,TE,DEN,552942.00
1766,Denzel Mims\MimsDe00,WR,NYJ,548235.00
,Troy Dye\DyexTr00,LB,MIN,548235.00
,Josh Uche\UcheJo00,LB,NWE,548235.00
1769,Devine Ozigbo\OzigDe01,RB,JAX,544706.00
1770,Ashton Dulin\DuliAs00,WR,IND,542648.00
,Trevon Wesco\WescTr00,TE,NYJ,542648.00
,Ulysees Gilbert\GilbUl00,LB,PIT,542648.00
,Myles Gaskin\GaskMy00,RB,MIA,542648.00
1774,Jake Gervase\GervJa00,DB,LAR,540000.00
1775,Sam Hubbard\HubbSa00,DE,CIN,538237.00
,Jack Cichy\CichJa00,ILB,TAM,538237.00
1777,John Lovett\LoveJo02,TE,GNB,538235.00
,Brandon Wright\WrigBr00,K,JAX,538235.00
,P.J. Locke\LockPJ00,DB,DEN,538235.00
1780,Saivion Smith\SmitSa02,DB,DAL,538230.00
1781,Sylvester Williams\WillSy00,DT,DEN,535294.00
,Josh Mauro\MaurJo00,DE,ARI,535294.00
,Daren Bates\BateDa00,LB,TEN,535294.00
1784,Joe Walker\WalkJo01,ILB,SFO,533824.00
,James Burgess\BurgJa01,LB,GNB,533824.00
1786,Justin Hamilton\HamiJu00,DT,DAL,529416.00
1787,Kyle Phillips\PhilKy00,DL,NYJ,527942.00
1788,A'Shawn Robinson\RobiAS00,DT,LAR,523529.00
1789,Kamal Martin\MartKa01,LB,GNB,523527.00
,Colby Parkinson\ParkCo02,TE,SEA,523527.00
,Jabari Zuniga\ZuniJa00,DL,NYJ,523527.00
,Isaiah Coulter\CoulIs00,WR,HOU,523527.00
1793,Maurice Hurst Jr.\HursMa00,DT,LVR,520590.00
1794,Kwon Alexander\AlexKw00,OLB,2TM,516878.00
1795,Tyron Johnson\JohnTy03,WR,LAC,516176.00
,Solomon Thomas\ThomSo00,DE,SFO,516176.00
,Greg Senat\SenaGr00,OT,DAL,516176.00
,Jake Rodgers\RodgJa03,T,DEN,516176.00
1799,Frankie Luvu\LuvuFr00,LB,NYJ,513236.00
,Dawson Knox\KnoxDa00,TE,BUF,513236.00
,Brandon Knight\KnigBr01,T,DAL,513236.00
1802,Dalton Keene\KeenDa00,TE,NWE,511173.00
,Bryce Hall\HallBr02,CB,NYJ,511173.00
,Albert Okwuegbunam\OkwuAl00,TE,DEN,511173.00
1805,Javon Patterson\PattJa00,OL,CLE,510000.00
,Tim Harris\HarrTi01,CB,SFO,510000.00
,KC McDermott\McDeKC01,OL,JAX,510000.00
,Herb Miller\MillHe01,DB,TAM,510000.00
,Chris Westry\WestCh03,CB,DAL,510000.00
,Joe Ostman\OstmJo00,DE,PHI,510000.00
,Quinn Bailey\BailQu00,T,DEN,510000.00
,Chris Myarick\MyarCh00,TE,MIA,510000.00
,Trenton Irwin\IrwiTr00,WR,CIN,510000.00
,Hakeem Butler\ButlHa00,WR,PHI,510000.00
,Kevin Rader\RadeKe00,TE,PIT,510000.00
1816,Ben Ellefson\ElleBe00,TE,JAX,504702.00
1817,Leon Jacobs\JacoLe00,OLB,JAX,502942.00
,A.J. Moore\MoorA.00,DB,HOU,502942.00
1819,Ron'Dell Carter\CartRo02,DE,DAL,502353.00
,Jamycal Hasty\HastJa02,RB,SFO,502353.00
,LeVante Bellamy\BellLe02,RB,DEN,502353.00
,Jovante Moffatt\MoffJo01,DB,CLE,502353.00
,Javelin Guidry\GuidJa01,DB,NYJ,502353.00
,Madre Harper\HarpMa00,DB,NYG,502353.00
1825,Tyre Phillips\PhilTy00,OL,BAL,498821.00
,Shaquille Quarterman\QuarSh00,LB,JAX,498821.00
1827,Andrew Wingard\WingAn01,S,JAX,498530.00
,Otaro Alaka\AlakOt01,LB,BAL,498530.00
,Greg Stroman\StroGr00,CB,WAS,498530.00
1830,Tramon Williams\WillTr99,DB,BAL,494118.00
1831,Justin Herron\HerrJu00,OL,NWE,486468.00
,Terrell Burgess\BurgTe00,S,LAR,486468.00
1833,Justin Zimmer\ZimmJu00,DT,BUF,485298.00
1834,Sean Chandler\ChanSe00,FS,NYG,485294.00
,Robert Foster\FostRo01,WR,WAS,485294.00
,Jonathan Williams\WillJo07,RB,DET,485294.00
,Temarrick Hemingway\HemiTe00,TE,WAS,485294.00
1838,Elijah Lee\LeexEl00,OLB,2TM,485290.00
1839,Oshane Ximines\XimiOs00,EDGE,NYG,483824.00
1840,Theo Riddick\RiddTh00,RB,LVR,481765.00
,Bryce Hager\HageBr00,ILB,NYJ,481765.00
,Jayrone Elliott\ElliJa02,LB,PIT,481765.00
1843,Robert Jackson\JackRo00,CB,CLE,476471.00
1844,Kristian Fulton\FultKr00,CB,TEN,474118.00
1845,Saahdiq Charles\CharSa00,OL,WAS,474116.00
,Antonio Gandy-Golden\GandAn00,WR,WAS,474116.00
,Tae Crowder\CrowTa00,,NYG,474116.00
,Tyrel Dodson\DodsTy01,LB,BUF,474116.00
,Julian Okwara\OkwaJu00,DL,DET,474116.00
1850,Allen Lazard\LazaAl00,WR,GNB,469118.00
,Chase Hansen\HansCh02,LB,NOR,469118.00
1852,Keith Kirkwood\KirkKe00,WR,CAR,467647.00
1853,Jonathan Ward\WardJo00,RB,ARI,466471.00
,Chapelle Russell\RussCh00,LB,TAM,466471.00
,Cyril Grayson\GrayCy01,WR,TAM,466471.00
,Trystan Colon-Castillo\ColoTr01,C,BAL,466471.00
,Francis Bernard\BernFr01,LB,DAL,466471.00
,Cameron Lewis\LewiCa00,DB,BUF,466471.00
,Salvon Ahmed\AhmeSa01,RB,MIA,466471.00
1860,Alex Barrett\BarrAl00,DE,SFO,466466.00
1861,Darrynton Evans\EvanDa02,RB,TEN,461763.00
,Rashard Lawrence\LawrRa01,DL,ARI,461763.00
,Jordan Fuller\FullJo01,S,LAR,461763.00
,Hunter Bryant\BryaHu02,TE,DET,461763.00
1865,Nick Bosa\BosaNi00,EDGE,SFO,454412.00
1866,Josiah Deguara\DeguJo00,TE,GNB,449410.00
1867,Andre Smith\SmitAn04,ILB,BUF,441180.00
1868,Isaac Nauta\NautIs00,TE,DET,441176.00
,David Quessenberry\QuesDa00,OT,TEN,441176.00
,Cole Toner\ToneCo00,OT,LAC,441176.00
1871,Drue Tranquill\TranDr00,LB,LAC,439706.00
,Khalen Saunders\SaunKh00,DT,KAN,439706.00
1873,L'Jarius Sneed\SneeLJ00,S,KAN,437058.00
,Damon Arnette\ArneDa00,CB,LVR,437058.00
1875,Steven Parker\ParkSt00,DB,DAL,436765.00
1876,Lamar Jackson\JackLa02,DB,NYJ,430588.00
,Tyler Hall\HallTy01,DB,ATL,430588.00
,Jordan Brailford\BraiJo00,EDGE,MIN,430588.00
,David Blough\BlouDa00,QB,DET,430588.00
1880,Sam Mustipher\MustSa01,C,CHI,430584.00
,Parnell Motley\MotlPa00,DB,2TM,430584.00
,Juju Hughes\HughJu00,DB,LAR,430584.00
1883,Johnathan Cyprien\CyprJo00,SS,SFO,428235.00
,Edmond Robinson\RobiEd00,OLB,ATL,428235.00
,Nate Orchard\OrchNa00,OLB,WAS,428235.00
1886,Brett Toth\TothBr00,T,PHI,425000.00
,Saquan Hampton\HampSa00,S,NYJ,425000.00
,Phil Haynes\HaynPh00,OL,SEA,425000.00
,Bo Scarbrough\ScarBo01,RB,SEA,425000.00
1890,Xavier McKinney\McKiXa00,S,NYG,400000.00
,Alex Taylor\TaylAl02,T,CLE,400000.00
1892,Tashawn Bower\BoweTa00,OLB,NWE,397062.00
1893,Trent Harris\HarrTr01,DL,NYG,397059.00
,Hercules Mata'afa\MataHe00,DE,MIN,397059.00
,Jeremy Reaves\ReavJe00,FS,WAS,397059.00
,Cameron Batson\BatsCa00,WR,TEN,397059.00
,Nick Thurman\ThurNi00,DT,NWE,397059.00
,D'Onta Foreman\ForeDO00,RB,TEN,397059.00
,Kareem Orr\OrrxKa00,DB,TEN,397059.00
,Jeremy Cox\CoxxJe00,RB,DEN,397059.00
,Mark Fields II\FielMa01,CB,2TM,397059.00
1902,Henry Mondeaux\MondHe00,DT,PIT,394702.00
1903,De'Vante Bausby\BausDe00,DB,2TM,388235.00
,Trey Edmunds\EdmuTr00,RB,PIT,388235.00
1905,Derrek Tuszka\TuszDe00,DL,DEN,378824.00
1906,Khalil Dorsey\DorsKh00,DB,BAL,367647.00
1907,Sergio Castillo\CastSe00,K,NYJ,358824.00
1908,Isaiah Mack\MackIs00,DT,2TM,357354.00
1909,Breon Borders\BordBr00,CB,TEN,357353.00
,Dylan Mabin\MabiDy00,DB,2TM,357353.00
,Bennett Jackson\JackBe00,CB,NYJ,357353.00
,Terrell Bonds\BondTe00,DB,BAL,357353.00
1913,Jeff Badet\BadeJe00,WR,WAS,352941.00
1914,Jessie Lemonier\LemoJe00,DE,LAC,322941.00
,Hunter Niswander\NiswJa00,P,DAL,322941.00
,Kristian Welch\WelcKr00,LB,BAL,322941.00
1917,Chase McLaughlin\McLaCh00,K,2TM,317647.00
,Anthony Rush\RushAn00,NT,2TM,317647.00
,River Cracraft\CracRi00,WR,SFO,317647.00
1920,De'Jon Harris\HarrDe10,LB,GNB,287059.00
,Austin Walter\WaltAu00,RB,SFO,287059.00
1922,Brandon Allen\AlleBr00,QB,CIN,204000.00
1923,Tyler Bray\BrayTy00,QB,CHI,142800.00
,Dane Jackson\JackDa02,CB,BUF,142800.00
1925,Trayvon Henderson\HendTr01,S,CIN,134400.00
,Freedom Akinmoladun\AkinFr01,DE,CIN,134400.00
,Chad Slade\SladCh01,G,NYG,134400.00
1928,D.J. Foster\FostD.01,RB,ARI,126000.00
1929,Isaiah Zuber\ZubeIs00,WR,NWE,117600.00
1930,Geno Stone\StonGe00,S,BAL,109200.00
,Will Clapp\ClapWi00,C,NOR,109200.00
1932,Corey Liuget\LiugCo00,DT,HOU,96000.00
,Matt Overton\OverMa00,LS,TEN,96000.00
1934,Trevor Daniel\DaniTr00,P,TEN,75600.00
